ncalls,tottime,percall,cumtime,percall_cum,filename:lineno(function)
6,6,1.0,1.93e-05,3.216666666666667e-06,cursors.py:57(__init__)
23,145,6.304347826086956,0.00011750000000000001,5.1086956521739134e-06,<frozen importlib._bootstrap_external>:1384(_recalculate)
3,3,1.0,6.5000000000000004e-06,2.166666666666667e-06,dataclasses.py:437(add_fn)
1,1,1.0,1.7e-06,1.7e-06,<frozen importlib._bootstrap>:1103(_resolve_filename)
3,3,1.0,4.6e-06,1.5333333333333334e-06,inspect.py:2841(__str__)
85,283,3.3294117647058825,0.0005391,6.342352941176471e-06,<frozen importlib._bootstrap>:1390(_handle_fromlist)
248,248,1.0,0.0005332000000000001,2.15e-06,<frozen importlib._bootstrap_external>:697(_classify_pyc)
35,35,1.0,0.00017470000000000002,4.991428571428572e-06,<frozen zipimport>:68(__init__)
268,268,1.0,0.00025550000000000003,9.53358208955224e-07,_compiler.py:214(_compile_charset)
1,1,1.0,2.72e-05,2.72e-05,_scalars.py:1(<module>)
1,1,1.0,4.0000000000000003e-07,4.0000000000000003e-07,<frozen abc>:146(update_abstractmethods)
3141,3141,1.0,0.015488700000000001,4.9311365807067815e-06,<frozen importlib._bootstrap_external>:101(_path_join)
290,290,1.0,0.0009597000000000001,3.3093103448275864e-06,<frozen importlib._bootstrap_external>:833(spec_from_file_location)
693,693,1.0,0.0012824000000000002,1.8505050505050508e-06,<frozen importlib._bootstrap>:372(release)
693,693,1.0,0.0026319,3.797835497835498e-06,<frozen importlib._bootstrap>:304(acquire)
693,693,1.0,0.0015372,2.2181818181818183e-06,<frozen importlib._bootstrap>:426(_get_module_lock)
16,16,1.0,4.7000000000000004e-05,2.9375000000000003e-06,<frozen importlib._bootstrap>:662(spec_from_loader)
313,313,1.0,0.0011325,3.6182108626198085e-06,<frozen importlib._bootstrap>:733(_init_module_attrs)
14,313,22.357142857142858,0.0009955,7.110714285714286e-05,<frozen importlib._bootstrap>:911(_load_unlocked)
323,323,1.0,0.0023429,7.253560371517029e-06,<frozen importlib._bootstrap>:1240(_find_spec)
8,324,40.5,0.0012360000000000001,0.00015450000000000001,<frozen importlib._bootstrap>:1304(_find_and_load_unlocked)
8,325,40.625,0.0020008,0.0002501,<frozen importlib._bootstrap>:1349(_find_and_load)
496,496,1.0,0.0014413000000000002,2.9058467741935486e-06,<frozen importlib._bootstrap_external>:513(cache_from_source)
307,308,1.003257328990228,0.0011297,3.6798045602605862e-06,<frozen importlib._bootstrap_external>:1522(_get_spec)
635,635,1.0,0.005190200000000001,8.173543307086614e-06,<frozen importlib._bootstrap_external>:1624(find_spec)
248,248,1.0,0.0024005000000000003,9.67943548387097e-06,<frozen importlib._bootstrap_external>:1093(get_code)
34,34,1.0,0.0006641,1.9532352941176473e-05,<frozen importlib._bootstrap_external>:1675(_fill_cache)
342,342,1.0,0.0011909000000000002,3.482163742690059e-06,<frozen importlib._bootstrap_external>:1214(get_data)
39,39,1.0,7.04e-05,1.8051282051282052e-06,<frozen ntpath>:50(normcase)
18,18,1.0,1.5e-05,8.333333333333333e-07,enum.py:965(_find_data_repr_)
62,85,1.3709677419354838,0.0001161,1.8725806451612904e-06,_compiler.py:439(_get_literal_prefix)
682,682,1.0,0.0001566,2.2961876832844575e-07,enum.py:199(__get__)
3,3,1.0,1.62e-05,5.4e-06,dataclasses.py:768(_get_field)
1,1,1.0,2.1400000000000002e-05,2.1400000000000002e-05,enum.py:842(_create_)
1,3,3.0,3.32e-05,3.32e-05,inspect.py:2487(_signature_from_callable)
2537,2537,1.0,0.0024964,9.839968466692945e-07,<frozen ntpath>:99(join)
1,1,1.0,3.1000000000000004e-06,3.1000000000000004e-06,<frozen ntpath>:573(abspath)
3,3,1.0,2.71e-05,9.033333333333334e-06,<frozen ntpath>:649(_getfinalpathname_nonstrict)
18,18,1.0,0.00013690000000000002,7.6055555555555565e-06,<frozen ntpath>:705(realpath)
6,6,1.0,6.8e-06,1.1333333333333334e-06,inspect.py:764(unwrap)
1,1,1.0,1.5e-06,1.5e-06,inspect.py:2145(_signature_is_functionlike)
2,2,1.0,3.1000000000000004e-06,1.5500000000000002e-06,inspect.py:1818(getattr_static)
1,1,1.0,2.0700000000000002e-05,2.0700000000000002e-05,inspect.py:2383(_signature_from_function)
29,29,1.0,0.00016920000000000002,5.834482758620691e-06,typing.py:1207(_generic_class_getitem)
3,3,1.0,9.4e-06,3.133333333333333e-06,typing.py:1047(_evaluate)
6,6,1.0,2.61e-05,4.35e-06,typing.py:1634(__getitem__)
4,4,1.0,4.72e-05,1.18e-05,typing.py:2403(get_type_hints)
8,8,1.0,9e-06,1.125e-06,typing.py:2503(_strip_annotations)
1,1,1.0,0.0055906,0.0055906,__main__.py:424(find_next_signals)
3692,3692,1.0,0.0029124000000000003,7.888407367280607e-07,__main__.py:501(path_find)
70,418,5.9714285714285715,0.0065076000000000005,9.296571428571429e-05,_parser.py:511(_parse)
3,3,1.0,1.4200000000000001e-05,4.7333333333333335e-06,<frozen ntpath>:607(_readlink_deep)
1,1,1.0,8.5e-06,8.5e-06,inspect.py:3318(format)
18,18,1.0,6.500000000000001e-05,3.6111111111111115e-06,enum.py:1014(_find_new_)
349,349,1.0,0.0006629,1.8994269340974213e-06,__init__.py:330(_compile)
66,66,1.0,0.0002686,4.06969696969697e-06,_compiler.py:514(_compile_info)
386,386,1.0,0.0006335000000000001,1.6411917098445598e-06,enum.py:1059(_add_member_)
2,2,1.0,1.02e-05,5.1e-06,inspect.py:176(get_annotations)
1,1,1.0,1.34e-05,1.34e-05,linecache.py:102(updatecache)
2,2,1.0,9.5e-06,4.75e-06,inspect.py:3042(__init__)
37,37,1.0,0.00010870000000000001,2.9378378378378384e-06,enum.py:987(_find_data_type_)
1,1,1.0,5.7100000000000006e-05,5.7100000000000006e-05,dataclasses.py:929(_process_class)
1,1,1.0,3.04e-05,3.04e-05,__config__.py:1(<module>)
32,32,1.0,0.0020729999999999998,6.478124999999999e-05,__init__.py:1(<module>)
1,1,1.0,8.740000000000001e-05,8.740000000000001e-05,multiarray.py:1(<module>)
1,1,1.0,3.38e-05,3.38e-05,signal.py:1(<module>)
1,1,1.0,5.0600000000000003e-05,5.0600000000000003e-05,colordict.py:1(<module>)
1,1,1.0,0.7783471000000001,0.7783471000000001,__main__.py:583(run)
642,642,1.0,0.0035550000000000004,5.537383177570094e-06,train.py:145(move)
19,19,1.0,0.0263567,0.0013871947368421054,train.py:244(move_headcode)
340,340,1.0,0.3611296,0.0010621458823529412,display.py:131(update_and_draw)
1,1,1.0,0.0026519,0.0026519,__main__.py:257(create_signals_from_file)
1,1,1.0,0.0001168,0.0001168,_dtype_like.py:1(<module>)
2,2,1.0,1.32e-05,6.6e-06,threading.py:327(wait)
12,12,1.0,0.0004913000000000001,4.0941666666666675e-05,enum.py:898(_convert_)
378,378,1.0,0.001958,5.17989417989418e-06,enum.py:251(__set_name__)
79,79,1.0,6.41e-05,8.113924050632911e-07,enum.py:1156(__new__)
37,37,1.0,0.0005909,1.597027027027027e-05,enum.py:498(__new__)
66,66,1.0,0.0002567,3.8893939393939395e-06,_compiler.py:743(compile)
10,10,1.0,4.8700000000000005e-05,4.870000000000001e-06,functools.py:878(register)
19,19,1.0,0.0021358,0.00011241052631578948,enum.py:1753(convert_class)
53,53,1.0,6.230000000000001e-05,1.1754716981132077e-06,_compiler.py:470(_get_charset_prefix)
30,30,1.0,0.0012939000000000002,4.313000000000001e-05,__init__.py:358(namedtuple)
122,122,1.0,0.00014230000000000002,1.166393442622951e-06,_parser.py:311(_class_escape)
66,278,4.212121212121212,0.0008315000000000001,1.259848484848485e-05,_parser.py:451(_parse_sub)
66,693,10.5,0.0026174,3.965757575757576e-05,_compiler.py:37(_compile)
197,812,4.121827411167513,0.0008424000000000001,4.276142131979696e-06,_parser.py:177(getwidth)
3,3,1.0,3e-06,1e-06,dataclasses.py:531(_field_init)
268,268,1.0,0.0018929,7.063059701492537e-06,_compiler.py:241(_optimize_charset)
125,125,1.0,0.00012150000000000001,9.720000000000002e-07,_parser.py:371(_escape)
2,2,1.0,2.0600000000000003e-05,1.0300000000000001e-05,copyreg.py:107(_slotnames)
2,2,1.0,4.3e-06,2.15e-06,_parser.py:894(_parse_flags)
1,1,1.0,1.08e-05,1.08e-05,dataclasses.py:470(add_fns_to_class)
9,9,1.0,1.86e-05,2.0666666666666666e-06,dataclasses.py:709(_is_type)
11,11,1.0,0.0156676,0.0014243272727272728,signals.py:51(get_coords_to_next_signal)
468,468,1.0,0.0011991,2.562179487179487e-06,enum.py:354(__setitem__)
3,3,1.0,2.6200000000000003e-05,8.733333333333335e-06,enum.py:1459(_missing_)
4,4,1.0,4.800000000000001e-06,1.2000000000000002e-06,inspect.py:1436(formatannotation)
5,5,1.0,1.15e-05,2.3e-06,typing.py:1599(__mro_entries__)
11913,11913,1.0,0.0016292000000000001,1.3675816335096114e-07,_parser.py:239(__next)
17,58,3.411764705882353,0.0001449,8.523529411764706e-06,typing.py:1483(_determine_new_args)
340,340,1.0,0.0005223000000000001,1.5361764705882356e-06,__main__.py:241(check_backlog_train)
6,6,1.0,5.2900000000000005e-05,8.816666666666668e-06,functools.py:826(singledispatch)
66,66,1.0,3.7800000000000004e-05,5.727272727272728e-07,_parser.py:954(fix_flags)
1,1,1.0,2.6e-06,2.6e-06,weakref.py:289(update)
419,419,1.0,8.680000000000001e-05,2.0715990453460623e-07,typing.py:1096(__eq__)
15,15,1.0,5.7e-05,3.8e-06,typing.py:2054(__new__)
67,67,1.0,0.014187900000000002,0.00021175970149253735,__main__.py:390(change_switch)
1,1,1.0,3.4e-06,3.4e-06,tokenize.py:388(find_cookie)
1,1,1.0,1.0700000000000001e-05,1.0700000000000001e-05,dataclasses.py:610(_init_fn)
66,66,1.0,0.0002265,3.431818181818182e-06,_parser.py:970(parse)
264,264,1.0,0.0019105,7.2367424242424245e-06,typing.py:260(_collect_type_parameters)
2,2,1.0,8.7e-06,4.35e-06,charset.py:206(__init__)
24,24,1.0,1.5300000000000003e-05,6.375000000000001e-07,typing.py:310(_check_generic_specialization)
1,1,1.0,8.3e-06,8.3e-06,threading.py:1352(__init__)
1,1,1.0,6e-06,6e-06,_expired_attrs_2_0.py:1(<module>)
15,15,1.0,7.7e-05,5.133333333333333e-06,typing.py:2199(__init_subclass__)
3,3,1.0,1.5300000000000003e-05,5.100000000000001e-06,threading.py:281(__init__)
265,265,1.0,0.0006886,2.598490566037736e-06,overrides.py:142(decorator)
2,2,1.0,3.7800000000000004e-05,1.8900000000000002e-05,train.py:8(__init__)
3,3,1.0,1.29e-05,4.3e-06,getlimits.py:697(__init__)
1,1,1.0,0.0013025,0.0013025,__main__.py:1(<module>)
1,1,1.0,1.22e-05,1.22e-05,tokenize.py:358(detect_encoding)
1,1,1.0,4.5900000000000004e-05,4.5900000000000004e-05,sprite.py:1(<module>)
1,1,1.0,7.5e-06,7.5e-06,__init__.py:265(_reset_cache)
1,1,1.0,9.2e-06,9.2e-06,numbers.py:57(Complex)
1,1,1.0,1.5700000000000002e-05,1.5700000000000002e-05,_ufunc_config.py:1(<module>)
311,311,1.0,0.0004357,1.4009646302250804e-06,function_base.py:487(add_newdoc)
1,1,1.0,1.56e-05,1.56e-05,pkgdata.py:45(getResource)
1,1,1.0,1.23e-05,1.23e-05,pickle.py:404(_Pickler)
2,2,1.0,7.3e-06,3.65e-06,_ufunc_config.py:440(__enter__)
1,1,1.0,1.7100000000000002e-05,1.7100000000000002e-05,ipaddress.py:1(<module>)
1,1,1.0,6.560000000000001e-05,6.560000000000001e-05,ssl.py:1(<module>)
4,4,1.0,6.4000000000000006e-06,1.6000000000000001e-06,inspect.py:2754(__init__)
1,1,1.0,3.9e-06,3.9e-06,__init__.py:339(__getattr__)
1,1,1.0,7.5e-06,7.5e-06,warnings.py:35(_formatwarnmsg_impl)
1,1,1.0,4.3100000000000004e-05,4.3100000000000004e-05,subprocess.py:1(<module>)
22,22,1.0,7.850000000000001e-05,3.5681818181818185e-06,typing.py:1256(_generic_init_subclass)
17,58,3.411764705882353,0.00022610000000000002,1.3300000000000001e-05,typing.py:1512(_make_substitution)
10,10,1.0,0.011544700000000001,0.00115447,train.py:213(move_train)
16,16,1.0,0.0006799,4.249375e-05,typing.py:2998(__new__)
340,340,1.0,18.501811,0.05441709117647059,display.py:76(render_text_surface)
1,1,1.0,6.42e-05,6.42e-05,display.py:4(__init__)
1,1,1.0,0.0002475,0.0002475,signals.py:174(cancel_route)
5,5,1.0,1.9200000000000003e-05,3.8400000000000005e-06,typing.py:2329(runtime_checkable)
14,14,1.0,0.0006472,4.622857142857143e-05,signals.py:188(go_back_to_last_switch)
1,1,1.0,2.4e-05,2.4e-05,records.py:1(<module>)
1,1,1.0,0.000144,0.000144,__main__.py:640(main)
428,428,1.0,0.0010164,2.374766355140187e-06,typing.py:173(_type_check)
1,1,1.0,3.62e-05,3.62e-05,threading.py:1(<module>)
8,11,1.375,1.2800000000000001e-05,1.6000000000000001e-06,typing.py:463(_eval_type)
1,1,1.0,5.08e-05,5.08e-05,__main__.py:45(load_timetable_and_annotated_segments)
1,1,1.0,2.0000000000000002e-07,2.0000000000000002e-07,subprocess.py:701(_use_posix_spawn)
2,2,1.0,0.025638300000000003,0.012819150000000001,threading.py:1027(_bootstrap_inner)
4,4,1.0,1.62e-05,4.05e-06,warnings.py:131(filterwarnings)
1,1,1.0,3.5000000000000004e-06,3.5000000000000004e-06,__init__.py:508(hugepage_setup)
1,1,1.0,2.2000000000000003e-05,2.2000000000000003e-05,surfarray.py:1(<module>)
340,340,1.0,0.0044738,1.3158235294117647e-05,display.py:298(display_signal_color)
1,1,1.0,9.100000000000001e-06,9.100000000000001e-06,heapq.py:1(<module>)
1,1,1.0,2.18e-05,2.18e-05,queue.py:1(<module>)
1,1,1.0,2.7600000000000003e-05,2.7600000000000003e-05,_char_codes.py:1(<module>)
1,1,1.0,5.4800000000000004e-05,5.4800000000000004e-05,_scimath_impl.py:1(<module>)
3,3,1.0,8.180000000000001e-05,2.726666666666667e-05,utils.py:1(<module>)
1,1,1.0,2.25e-05,2.25e-05,header.py:1(<module>)
1124,1124,1.0,0.0010897,9.694839857651247e-07,__init__.py:2341(dist_factory)
1,1,1.0,2.2700000000000003e-05,2.2700000000000003e-05,_local.py:59(PurePath)
1,1,1.0,1.63e-05,1.63e-05,ipaddress.py:671(_BaseNetwork)
1,1,1.0,3.0500000000000003e-05,3.0500000000000003e-05,__main__.py:64(save_game)
86020,86020,1.0,0.0273164,3.1755870727737736e-07,signals.py:32(update_color)
2,2,1.0,8.400000000000001e-06,4.2000000000000004e-06,threading.py:955(start)
3,3,1.0,9.15e-05,3.05e-05,typing.py:3142(__new__)
19,19,1.0,7.460000000000001e-05,3.926315789473685e-06,train.py:95(timetable_check)
1,1,1.0,4.5600000000000004e-05,4.5600000000000004e-05,arrayprint.py:1(<module>)
1,1,1.0,3.91e-05,3.91e-05,_methods.py:1(<module>)
1,1,1.0,0.00021700000000000002,0.00021700000000000002,_type_aliases.py:1(<module>)
1,1,1.0,0.0374173,0.0374173,__main__.py:360(define_switches)
460,460,1.0,0.0006450000000000001,1.4021739130434784e-06,_inspect.py:65(getargs)
1,1,1.0,1.62e-05,1.62e-05,__init__.py:622(WorkingSet)
1,1,1.0,1.55e-05,1.55e-05,subprocess.py:759(Popen)
1,1,1.0,1.98e-05,1.98e-05,cursors.py:1(<module>)
230,230,1.0,0.0005387,2.3421739130434785e-06,overrides.py:83(verify_matching_signatures)
2,2,1.0,0.0006005,0.00030025,__main__.py:225(spawn_train)
908,908,1.0,0.2021273,0.00022260715859030838,signals.py:138(duplicate_signal_route_check)
1,1,1.0,1.54e-05,1.54e-05,warnings.py:1(<module>)
11,11,1.0,0.0011807,0.00010733636363636363,__main__.py:473(set_route)
340,340,1.0,0.013255600000000001,3.898705882352941e-05,__main__.py:179(update_spawn)
3,3,1.0,7.840000000000001e-05,2.6133333333333336e-05,threading.py:869(__init__)
6,6,1.0,0.0012877000000000001,0.0002146166666666667,auto.py:9(pressed)
1,1,1.0,3.38e-05,3.38e-05,hashlib.py:1(<module>)
1,1,1.0,9.600000000000001e-06,9.600000000000001e-06,__init__.py:2883(Canvas)
1,1,1.0,0.0002141,0.0002141,auto.py:23(depressed)
1,1,1.0,1.5e-05,1.5e-05,feedparser.py:1(<module>)
9,9,1.0,0.0002333,2.5922222222222222e-05,train.py:203(delete_train_tail)
2,2,1.0,3.1400000000000004e-05,1.5700000000000002e-05,display_timetable.py:58(update_table)
19,19,1.0,0.0002233,1.1752631578947368e-05,train.py:38(_get_stop_coord)
1,1,1.0,0.012180400000000001,0.012180400000000001,__main__.py:301(define_auto_and_TRTS_buttons)
2,2,1.0,1.1700000000000001e-05,5.850000000000001e-06,__init__.py:343(__init__)
1,1,1.0,6.170000000000001e-05,6.170000000000001e-05,_compat_pickle.py:1(<module>)
1,1,1.0,1.04e-05,1.04e-05,_polynomial_impl.py:1080(poly1d)
1,1,1.0,2.44e-05,2.44e-05,function_base.py:1(<module>)
1,1,1.0,1.7800000000000002e-05,1.7800000000000002e-05,_histograms_impl.py:1(<module>)
2,2,1.0,1.9e-05,9.5e-06,__init__.py:2736(_setup)
1,1,1.0,0.0001122,0.0001122,TiffTags.py:439(_populate)
1,1,1.0,2.05e-05,2.05e-05,filedialog.py:1(<module>)
1,1,1.0,2.46e-05,2.46e-05,ttk.py:1(<module>)
1,1,1.0,6.98e-05,6.98e-05,numerictypes.py:1(<module>)
1,1,1.0,0.00016150000000000002,0.00016150000000000002,numeric.py:1(<module>)
1,1,1.0,3.08e-05,3.08e-05,shape_base.py:1(<module>)
1,1,1.0,3.8400000000000005e-05,3.8400000000000005e-05,_internal.py:1(<module>)
1,1,1.0,5.05e-05,5.05e-05,_add_newdocs_scalars.py:1(<module>)
15,15,1.0,2.3e-06,1.5333333333333333e-07,<frozen importlib._bootstrap>:1014(is_package)
248,248,1.0,2.97e-05,1.1975806451612904e-07,<frozen importlib._bootstrap_external>:1017(create_module)
19,748,39.36842105263158,0.0009220000000000001,4.852631578947369e-05,<frozen importlib._bootstrap>:480(_call_with_frames_removed)
16,16,1.0,6.300000000000001e-06,3.9375000000000004e-07,<frozen codecs>:263(__init__)
89,89,1.0,2.3400000000000003e-05,2.6292134831460677e-07,<frozen abc>:7(abstractmethod)
34,34,1.0,1.25e-05,3.6764705882352943e-07,<frozen abc>:110(register)
34,43,1.2647058823529411,1.22e-05,3.588235294117647e-07,<frozen abc>:121(__subclasscheck__)
3,3,1.0,1.3e-06,4.3333333333333335e-07,dataclasses.py:591(_init_param)
48,48,1.0,2.09e-05,4.3541666666666664e-07,_parser.py:303(checkgroupname)
323,323,1.0,0.0003334,1.0321981424148607e-06,<frozen importlib._bootstrap>:445(cb)
3335,3335,1.0,0.0005671000000000001,1.700449775112444e-07,<frozen importlib._bootstrap>:491(_verbose_message)
308,308,1.0,0.00018260000000000002,5.92857142857143e-07,<frozen importlib._bootstrap>:1128(find_spec)
693,693,1.0,0.0005836,8.421356421356421e-07,<frozen importlib._bootstrap>:79(__init__)
256,256,1.0,0.00030060000000000004,1.1742187500000002e-06,<frozen importlib._bootstrap>:48(_new_module)
1396,1396,1.0,0.0010358000000000001,7.419770773638969e-07,<frozen importlib._bootstrap_external>:145(_path_stat)
325,325,1.0,0.0001987,6.113846153846154e-07,<frozen importlib._bootstrap>:420(__exit__)
94,94,1.0,7.620000000000001e-05,8.106382978723405e-07,<frozen importlib._bootstrap_external>:758(_validate_hash_pyc)
15,15,1.0,1.08e-05,7.2e-07,<frozen importlib._bootstrap>:997(exec_module)
1261,1261,1.0,0.00029610000000000004,2.3481363996827916e-07,<frozen importlib._bootstrap>:1222(__enter__)
1261,1261,1.0,0.0003374,2.675654242664552e-07,<frozen importlib._bootstrap>:1226(__exit__)
25,79,3.16,4.0300000000000004e-05,1.6120000000000002e-06,<frozen importlib._bootstrap_external>:1398(__iter__)
33,66,2.0,2.8000000000000003e-05,8.484848484848485e-07,<frozen importlib._bootstrap_external>:1407(__len__)
280,280,1.0,4.08e-05,1.457142857142857e-07,<frozen importlib._bootstrap_external>:1604(<genexpr>)
368,368,1.0,0.0004238,1.1516304347826087e-06,<frozen importlib._bootstrap>:463(_lock_unlock_module)
339,339,1.0,0.00012910000000000002,3.8082595870206496e-07,<frozen importlib._bootstrap>:599(__init__)
7,7,1.0,1.4900000000000001e-05,2.1285714285714287e-06,<frozen importlib._bootstrap_external>:1363(__init__)
3,3,1.0,1.04e-05,3.466666666666667e-06,<frozen os>:720(__setitem__)
538,538,1.0,0.0002414,4.4869888475836434e-07,<frozen importlib._bootstrap>:632(cached)
290,290,1.0,0.00042050000000000003,1.45e-06,<frozen importlib._bootstrap_external>:642(_get_cached)
154,154,1.0,0.00019480000000000002,1.264935064935065e-06,<frozen importlib._bootstrap_external>:730(_validate_timestamp_pyc)
248,248,1.0,0.0038420000000000004,1.549193548387097e-05,<frozen importlib._bootstrap_external>:782(_compile_bytecode)
3,3,1.0,1.4000000000000001e-06,4.666666666666667e-07,dataclasses.py:288(__init__)
80,80,1.0,7.670000000000001e-05,9.587500000000001e-07,enum.py:695(__call__)
304,304,1.0,0.0007398000000000001,2.4335526315789475e-06,functools.py:36(update_wrapper)
1,1,1.0,4.6e-06,4.6e-06,functools.py:844(dispatch)
10,10,1.0,2.72e-05,2.7200000000000002e-06,enum.py:1596(__or__)
65,65,1.0,0.0001574,2.4215384615384615e-06,enum.py:1607(__and__)
9,9,1.0,1.45e-05,1.6111111111111111e-06,_compiler.py:410(_generate_overlap_table)
1,1,1.0,2.1000000000000002e-06,2.1000000000000002e-06,<frozen importlib._bootstrap>:1171(exec_module)
246,249,1.0121951219512195,0.00028910000000000003,1.1752032520325205e-06,<frozen importlib._bootstrap_external>:674(_check_name_wrapper)
17,17,1.0,5.9600000000000005e-05,3.505882352941177e-06,<frozen os>:712(__getitem__)
2,2,1.0,4.4e-06,2.2e-06,<frozen os>:726(__delitem__)
323,323,1.0,0.0003462,1.071826625386997e-06,__init__.py:101(find_spec)
767,767,1.0,0.00040310000000000004,5.255541069100391e-07,enum.py:78(_is_private)
693,693,1.0,0.00025350000000000004,3.6580086580086586e-07,<frozen importlib._bootstrap>:173(__exit__)
15,15,1.0,4.05e-05,2.7e-06,<frozen importlib._bootstrap>:501(_requires_builtin_wrapper)
556,556,1.0,0.0004179,7.516187050359713e-07,<frozen importlib._bootstrap_external>:89(_unpack_uint32)
50,50,1.0,4.44e-05,8.88e-07,<frozen importlib._bootstrap_external>:169(_path_isdir)
248,248,1.0,0.0002288,9.225806451612904e-07,<frozen importlib._bootstrap_external>:1233(path_stats)
152,152,1.0,5.0900000000000004e-05,3.348684210526316e-07,<frozen importlib._bootstrap_external>:1370(_find_parent_path_names)
35,35,1.0,0.00011690000000000001,3.34e-06,<frozen importlib._bootstrap_external>:1716(path_hook_for_FileFinder)
2,2,1.0,1.39e-05,6.95e-06,cp1252.py:22(decode)
8,8,1.0,1.2100000000000001e-05,1.5125000000000001e-06,<frozen _collections_abc>:971(clear)
714,714,1.0,0.00042750000000000004,5.987394957983193e-07,<frozen importlib._bootstrap_external>:1500(_path_importer_cache)
106,106,1.0,0.0001231,1.1613207547169813e-06,<frozen ntpath>:80(isabs)
180,180,1.0,0.0002858,1.5877777777777779e-06,<frozen genericpath>:157(_splitext)
1,1,1.0,9.000000000000001e-07,9.000000000000001e-07,<frozen importlib._bootstrap>:1285(_sanity_check)
35,35,1.0,0.0001617,4.62e-06,<frozen importlib._bootstrap_external>:1598(__init__)
178,178,1.0,0.0001864,1.047191011235955e-06,__init__.py:183(sub)
15,15,1.0,2.0600000000000003e-05,1.3733333333333335e-06,<frozen importlib._bootstrap>:989(create_module)
1,1,1.0,3.1000000000000004e-06,3.1000000000000004e-06,__init__.py:305(escape)
378,378,1.0,7.54e-05,1.9947089947089947e-07,enum.py:69(_is_internal_class)
18,18,1.0,4.0100000000000006e-05,2.227777777777778e-06,enum.py:936(_check_for_existing_members_)
37,37,1.0,5.0900000000000004e-05,1.3756756756756758e-06,enum.py:946(_get_mixins_)
43,43,1.0,0.00022370000000000002,5.202325581395349e-06,_compiler.py:389(_mk_bitmap)
225,225,1.0,0.00011090000000000001,4.92888888888889e-07,enum.py:1589(_get_value)
300,313,1.0433333333333332,0.0005485,1.8283333333333335e-06,<frozen importlib._bootstrap>:806(module_from_spec)
481,481,1.0,0.0018518,3.84989604989605e-06,<frozen ntpath>:222(split)
2,2,1.0,1.1900000000000001e-05,5.950000000000001e-06,functools.py:189(total_ordering)
16,16,1.0,2.57e-05,1.60625e-06,functools.py:504(lru_cache)
48,48,1.0,7.99e-05,1.6645833333333334e-06,_parser.py:273(getuntil)
123,123,1.0,0.0001221,9.926829268292685e-07,_parser.py:85(opengroup)
1,1,1.0,2.5e-06,2.5e-06,reprlib.py:12(decorating_function)
693,693,1.0,0.0007418,1.0704184704184705e-06,<frozen importlib._bootstrap>:74(__new__)
1488,1488,1.0,0.00043470000000000005,2.921370967741936e-07,<frozen importlib._bootstrap_external>:139(<genexpr>)
14,14,1.0,8.230000000000001e-05,5.878571428571429e-06,<frozen codecs>:312(__init__)
59,59,1.0,8.48e-05,1.4372881355932204e-06,<frozen abc>:105(__new__)
693,693,1.0,0.0001139,1.6435786435786436e-07,<frozen importlib._bootstrap>:158(__init__)
325,325,1.0,6.0100000000000004e-05,1.8492307692307692e-07,<frozen importlib._bootstrap>:412(__init__)
336,336,1.0,4.77e-05,1.4196428571428572e-07,<frozen importlib._bootstrap>:653(has_location)
429,429,1.0,0.0003055,7.121212121212121e-07,<frozen importlib._bootstrap_external>:164(_path_isfile)
248,248,1.0,5.03e-05,2.028225806451613e-07,<frozen importlib._bootstrap_external>:1184(__init__)
248,248,1.0,3.26e-05,1.314516129032258e-07,<frozen importlib._bootstrap_external>:1209(get_filename)
1,1,1.0,3.4e-06,3.4e-06,<frozen importlib._bootstrap_external>:1223(get_resource_reader)
42,42,1.0,9.600000000000001e-06,2.285714285714286e-07,<frozen importlib._bootstrap_external>:1307(__init__)
290,290,1.0,0.000571,1.9689655172413793e-06,<frozen importlib._bootstrap_external>:1619(_get_spec)
323,323,1.0,0.0001564,4.842105263157895e-07,<frozen importlib._bootstrap>:982(find_spec)
1,1,1.0,2.1000000000000002e-06,2.1000000000000002e-06,<frozen importlib._bootstrap>:1375(_gcd_import)
496,496,1.0,0.0007805,1.5735887096774195e-06,<frozen importlib._bootstrap_external>:137(_path_split)
479,479,1.0,0.00047480000000000005,9.91231732776618e-07,<frozen importlib._bootstrap_external>:155(_path_is_mode_type)
152,152,1.0,8.66e-05,5.697368421052632e-07,<frozen importlib._bootstrap_external>:1380(_get_parent_path)
2,2,1.0,1.04e-05,5.2e-06,<frozen os>:1154(add_dll_directory)
693,693,1.0,0.0004602,6.640692640692641e-07,<frozen importlib._bootstrap>:82(remove)
693,693,1.0,0.0014027,2.024098124098124e-06,<frozen importlib._bootstrap>:124(setdefault)
324,324,1.0,0.0005960000000000001,1.8395061728395063e-06,<frozen importlib._bootstrap_external>:177(_path_isabs)
34,34,1.0,0.0001584,4.658823529411765e-06,<frozen importlib._bootstrap_external>:1487(_path_hooks)
307,307,1.0,0.00027110000000000003,8.830618892508144e-07,<frozen importlib._bootstrap_external>:1551(find_spec)
11,11,1.0,2.58e-05,2.3454545454545454e-06,_compiler.py:394(_bytes_to_codes)
693,693,1.0,0.0007118000000000001,1.0271284271284273e-06,<frozen importlib._bootstrap>:162(__enter__)
323,323,1.0,0.0003553,1.1e-06,<frozen importlib._bootstrap>:232(__init__)
324,324,1.0,0.0001767,5.453703703703704e-07,<frozen importlib._bootstrap_external>:190(_path_abspath)
1,1,1.0,1.5e-06,1.5e-06,<frozen importlib._bootstrap>:1158(create_module)
40,42,1.05,0.0001274,3.185e-06,<frozen importlib._bootstrap_external>:1318(create_module)
42,42,1.0,7.060000000000001e-05,1.6809523809523811e-06,<frozen importlib._bootstrap_external>:1326(exec_module)
1,1,1.0,2e-05,2e-05,<frozen os>:44(_get_exports_list)
1,1,1.0,1.9e-06,1.9e-06,<frozen _collections_abc>:108(_check_methods)
677,677,1.0,0.0003638,5.373707533234859e-07,enum.py:37(_is_descriptor)
804,804,1.0,0.0003173,3.9465174129353235e-07,enum.py:47(_is_dunder)
767,767,1.0,0.0002498,3.2568448500651893e-07,enum.py:58(_is_sunder)
1,1,1.0,3.3e-06,3.3e-06,_weakrefset.py:37(__init__)
325,325,1.0,0.0003196,9.833846153846154e-07,<frozen importlib._bootstrap>:416(__enter__)
636,636,1.0,0.0002754,4.330188679245283e-07,<frozen importlib._bootstrap>:645(parent)
635,635,1.0,0.00041220000000000004,6.491338582677166e-07,<frozen importlib._bootstrap_external>:67(_relax_case)
15,15,1.0,5.2100000000000006e-05,3.4733333333333337e-06,<frozen codecs>:322(decode)
25,25,1.0,1.4200000000000001e-05,5.68e-07,<frozen os>:780(check_str)
24,24,1.0,1.2800000000000001e-05,5.333333333333333e-07,<frozen os>:856(fsdecode)
8,248,31.0,0.0006769,8.46125e-05,<frozen importlib._bootstrap_external>:1020(exec_module)
7,7,1.0,8.000000000000001e-07,1.142857142857143e-07,<frozen importlib._bootstrap_external>:1439(exec_module)
180,180,1.0,0.0001809,1.0050000000000001e-06,<frozen ntpath>:243(splitext)
22,22,1.0,2.1300000000000003e-05,9.681818181818184e-07,<frozen os>:786(encodekey)
1,1,1.0,1.5e-06,1.5e-06,<frozen os>:811(getenv)
1,1,1.0,2.3e-06,2.3e-06,<frozen os>:1127(__subclasshook__)
481,481,1.0,0.00021060000000000002,4.3783783783783787e-07,<frozen ntpath>:34(_get_bothseps)
6,6,1.0,8.6e-06,1.4333333333333335e-06,<frozen _collections_abc>:808(get)
10,10,1.0,2.3400000000000003e-05,2.3400000000000005e-06,<frozen _collections_abc>:815(__contains__)
2,2,1.0,1.4000000000000001e-06,7.000000000000001e-07,<frozen os>:1138(__init__)
180,180,1.0,0.00012770000000000001,7.094444444444445e-07,<frozen ntpath>:254(basename)
273,273,1.0,0.0001694,6.205128205128205e-07,<frozen ntpath>:261(dirname)
4,4,1.0,1.3e-06,3.25e-07,_parser.py:165(__delitem__)
38,38,1.0,1.13e-05,2.9736842105263157e-07,enum.py:91(_is_single_bit)
321,321,1.0,0.00010120000000000001,3.1526479750778817e-07,_parser.py:171(__setitem__)
283,283,1.0,0.0001298,4.586572438162545e-07,functools.py:66(wraps)
328,328,1.0,2.6900000000000003e-05,8.201219512195122e-08,enum.py:1332(name)
354,354,1.0,3.69e-05,1.0423728813559323e-07,enum.py:1337(value)
7,7,1.0,3.1000000000000004e-06,4.428571428571429e-07,enum.py:1456(<lambda>)
19,19,1.0,8.900000000000001e-06,4.68421052631579e-07,enum.py:1737(_simple_enum)
3,3,1.0,5.1e-06,1.7e-06,functools.py:677(cache)
3,3,1.0,1.8000000000000001e-06,6.000000000000001e-07,copyreg.py:22(constructor)
123,123,1.0,5.1800000000000005e-05,4.2113821138211387e-07,_parser.py:97(closegroup)
374,374,1.0,4.4000000000000006e-05,1.1764705882352943e-07,enum.py:799(<genexpr>)
8,8,1.0,9.5e-06,1.1875e-06,enum.py:1220(_add_alias_)
12,12,1.0,2.75e-05,2.2916666666666666e-06,functools.py:867(_is_union_type)
6,6,1.0,1.4400000000000001e-05,2.4000000000000003e-06,types.py:334(__getattr__)
4,4,1.0,7.000000000000001e-07,1.7500000000000002e-07,dataclasses.py:411(<genexpr>)
4,4,1.0,1.01e-05,2.525e-06,copyreg.py:12(pickle)
1,1,1.0,3.0000000000000004e-07,3.0000000000000004e-07,dataclasses.py:412(<genexpr>)
3,3,1.0,3.7e-06,1.2333333333333333e-06,dataclasses.py:383(field)
86445,86445,1.0,0.0080972,9.366880675574065e-08,train.py:241(signal_condition_check)
2,2,1.0,0.0013961000000000002,0.0006980500000000001,__main__.py:493(open_timetable_window)
66,66,1.0,2.2700000000000003e-05,3.4393939393939397e-07,_parser.py:76(__init__)
1,1,1.0,8.000000000000001e-07,8.000000000000001e-07,_parser.py:99(checkgroup)
10,10,1.0,7.8e-06,7.799999999999999e-07,enum.py:1449(_iter_member_by_def_)
11,11,1.0,2.2400000000000002e-05,2.0363636363636367e-06,functools.py:544(decorating_function)
94,94,1.0,1.16e-05,1.2340425531914895e-07,__init__.py:108(<lambda>)
664,664,1.0,5.39e-05,8.117469879518073e-08,enum.py:1217(__init__)
65,65,1.0,4.41e-05,6.784615384615385e-07,__init__.py:287(compile)
378,378,1.0,2.4900000000000002e-05,6.587301587301588e-08,enum.py:248(__init__)
111,111,1.0,1.3100000000000002e-05,1.1801801801801804e-07,enum.py:921(<lambda>)
1,1,1.0,2.6e-06,2.6e-06,__init__.py:71(import_module)
10,10,1.0,4.9000000000000005e-06,4.900000000000001e-07,enum.py:115(_iter_bits_lsb)
2,2,1.0,1.5e-06,7.5e-07,enum.py:1248(_generate_next_value_)
106,106,1.0,4.44e-05,4.188679245283019e-07,__init__.py:164(match)
166,166,1.0,4.4000000000000006e-05,2.6506024096385546e-07,_compiler.py:31(_combine_flags)
12,12,1.0,9.7e-06,8.083333333333334e-07,enum.py:795(__iter__)
16,16,1.0,8.200000000000001e-06,5.125000000000001e-07,enum.py:807(__members__)
2,2,1.0,1.3e-06,6.5e-07,enum.py:1312(__hash__)
132,132,1.0,4.2800000000000004e-05,3.2424242424242427e-07,_compiler.py:573(isstring)
143,143,1.0,3.24e-05,2.2657342657342657e-07,__init__.py:432(<genexpr>)
388,388,1.0,8.690000000000001e-05,2.2396907216494848e-07,_parser.py:82(groups)
18,18,1.0,3.6400000000000004e-05,2.0222222222222223e-06,enum.py:346(__init__)
546,546,1.0,0.0002202,4.0329670329670333e-07,typing.py:164(_type_convert)
1,1,1.0,3.5000000000000004e-06,3.5000000000000004e-06,functools.py:930(wrapper)
6,6,1.0,5.7000000000000005e-06,9.500000000000001e-07,functools.py:995(__init__)
8,8,1.0,8.7e-06,1.0875e-06,weakref.py:495(popitem)
2,2,1.0,3.3e-06,1.65e-06,inspect.py:1805(_shadowed_dict)
486,486,1.0,0.0003378,6.950617283950618e-07,enum.py:764(__delattr__)
761,761,1.0,0.0006736,8.851511169513798e-07,enum.py:829(__setattr__)
10,10,1.0,9.600000000000001e-06,9.600000000000001e-07,enum.py:1439(_iter_member_by_value_)
6,6,1.0,1.9e-06,3.1666666666666667e-07,functools.py:1001(__set_name__)
1,1,1.0,2.0000000000000002e-07,2.0000000000000002e-07,dataclasses.py:351(__init__)
39,39,1.0,3.44e-05,8.820512820512821e-07,_parser.py:264(getwhile)
138,138,1.0,2.6900000000000003e-05,1.9492753623188408e-07,_compiler.py:431(_get_iscased)
6,6,1.0,2.3e-06,3.8333333333333335e-07,dataclasses.py:691(_is_classvar)
18,18,1.0,7.680000000000001e-05,4.266666666666668e-06,enum.py:484(__prepare__)
294,294,1.0,0.0001239,4.2142857142857145e-07,_compiler.py:401(_simple)
14,14,1.0,1.59e-05,1.1357142857142858e-06,functools.py:871(_is_valid_dispatch_type)
4846,4846,1.0,0.0012246000000000002,2.527032604209658e-07,_parser.py:167(__getitem__)
1,1,1.0,6.8e-06,6.8e-06,weakref.py:104(__init__)
2,2,1.0,1.3e-06,6.5e-07,functools.py:887(<lambda>)
1,1,1.0,7.000000000000001e-07,7.000000000000001e-07,reprlib.py:9(recursive_repr)
1,1,1.0,8.000000000000001e-07,8.000000000000001e-07,dataclasses.py:879(_hash_set_none)
66,66,1.0,0.0001028,1.5575757575757577e-06,_compiler.py:576(_code)
1,1,1.0,5.000000000000001e-07,5.000000000000001e-07,_parser.py:102(checklookbehindgroup)
2,2,1.0,1.1400000000000001e-05,5.7000000000000005e-06,_weakrefset.py:39(_remove)
1,1,1.0,2.0000000000000002e-07,2.0000000000000002e-07,contextlib.py:450(__exit__)
2,2,1.0,3.3e-06,1.65e-06,inspect.py:1779(_check_class)
1,1,1.0,7.3e-06,7.3e-06,linecache.py:32(getlines)
10769,10769,1.0,0.0022539,2.0929519918283963e-07,_parser.py:260(get)
1274,1274,1.0,0.00030520000000000005,2.395604395604396e-07,_parser.py:175(append)
2160,2160,1.0,0.00034480000000000003,1.5962962962962964e-07,_parser.py:255(match)
3,3,1.0,1.1e-06,3.6666666666666667e-07,dataclasses.py:519(_field_assign)
198,198,1.0,0.00014780000000000001,7.464646464646465e-07,_parser.py:448(_uniq)
5,5,1.0,2.8000000000000003e-06,5.6e-07,dataclasses.py:865(_set_new_attribute)
1,1,1.0,2.0000000000000003e-06,2.0000000000000003e-06,weakref.py:427(__setitem__)
6,6,1.0,1.1e-06,1.8333333333333333e-07,dataclasses.py:705(_is_kw_only)
3,3,1.0,9.000000000000001e-07,3.0000000000000004e-07,inspect.py:302(isclass)
26,26,1.0,1.65e-05,6.346153846153846e-07,inspect.py:758(getmro)
7,7,1.0,6.000000000000001e-07,8.571428571428573e-08,inspect.py:2807(name)
3,3,1.0,3.0000000000000004e-07,1.0000000000000001e-07,inspect.py:2811(default)
11,11,1.0,1.0000000000000002e-06,9.090909090909093e-08,inspect.py:2819(kind)
1,1,1.0,7.5e-06,7.5e-06,inspect.py:3094(from_callable)
2,2,1.0,3.0000000000000004e-07,1.5000000000000002e-07,inspect.py:3102(parameters)
2,2,1.0,2.0000000000000002e-07,1.0000000000000001e-07,inspect.py:3106(return_annotation)
66,66,1.0,5.83e-05,8.833333333333334e-07,_parser.py:230(__init__)
985,985,1.0,0.0002614,2.653807106598985e-07,_parser.py:292(tell)
1,1,1.0,1.7e-06,1.7e-06,weakref.py:414(__getitem__)
1,1,1.0,1.04e-05,1.04e-05,dataclasses.py:1294(wrap)
4,4,1.0,6.000000000000001e-07,1.5000000000000002e-07,dataclasses.py:1172(<genexpr>)
768,768,1.0,0.0001363,1.7747395833333335e-07,_parser.py:112(__init__)
1539,1539,1.0,0.00030500000000000004,1.9818063677712803e-07,_parser.py:163(__len__)
3,3,1.0,2.1000000000000002e-06,7.000000000000001e-07,_parser.py:294(seek)
163,163,1.0,8.520000000000001e-05,5.226993865030676e-07,typing.py:351(_deduplicate)
15,15,1.0,3.23e-05,2.153333333333333e-06,typing.py:2073(__init__)
1,1,1.0,4.0000000000000003e-07,4.0000000000000003e-07,inspect.py:310(ismethoddescriptor)
1,1,1.0,8.000000000000001e-06,8.000000000000001e-06,inspect.py:2105(_signature_bound_method)
57,57,1.0,6.99e-05,1.2263157894736843e-06,typing.py:1023(__init__)
60,60,1.0,0.0001332,2.2200000000000003e-06,typing.py:3794(__getattr__)
1,1,1.0,4.7e-06,4.7e-06,dataclasses.py:407(_fields_in_init_order)
1,1,1.0,2.0000000000000002e-07,2.0000000000000002e-07,dataclasses.py:429(__init__)
6,6,1.0,1.7e-06,2.8333333333333336e-07,dataclasses.py:699(_is_initvar)
4,4,1.0,7.000000000000001e-07,1.7500000000000002e-07,dataclasses.py:1111(<genexpr>)
1,1,1.0,1.4000000000000001e-06,1.4000000000000001e-06,dataclasses.py:1277(dataclass)
3,3,1.0,7.9e-06,2.6333333333333337e-06,inspect.py:2003(_signature_get_user_defined_method)
113,113,1.0,0.0002388,2.113274336283186e-06,typing.py:379(_remove_dups_flatten)
1063,1063,1.0,0.0006287,5.91439322671684e-07,typing.py:1358(__getattr__)
8,8,1.0,3.19e-05,3.9875e-06,typing.py:1733(__getitem_inner__)
2,2,1.0,2.9400000000000003e-05,1.4700000000000002e-05,__main__.py:151(get_headcode_from_prefix)
2,2,1.0,0.00012460000000000002,6.230000000000001e-05,__main__.py:250(check_if_spawnable)
5,5,1.0,1.3500000000000001e-05,2.7000000000000004e-06,warnings.py:188(_add_filter)
253,253,1.0,9.76e-05,3.857707509881423e-07,signals.py:3(__init__)
6,6,1.0,2.2400000000000002e-05,3.7333333333333337e-06,weakref.py:367(__init__)
3,3,1.0,7.5e-06,2.5e-06,_weakrefset.py:85(add)
1,1,1.0,3.6000000000000003e-06,3.6000000000000003e-06,inspect.py:2131(_signature_is_builtin)
58,58,1.0,3.9500000000000005e-05,6.810344827586208e-07,typing.py:341(_unpack_args)
1783,1783,1.0,0.0012137,6.807066741447e-07,typing.py:1368(__setattr__)
3,3,1.0,1.2000000000000002e-06,4.0000000000000003e-07,inspect.py:386(isfunction)
1,1,1.0,7.000000000000001e-07,7.000000000000001e-07,inspect.py:534(isbuiltin)
1,1,1.0,3.1000000000000004e-06,3.1000000000000004e-06,inspect.py:3373(signature)
14,14,1.0,3.27e-05,2.335714285714286e-06,contextlib.py:276(contextmanager)
1726,1726,1.0,0.00015460000000000002,8.957126303592121e-08,typing.py:840(<genexpr>)
1,1,1.0,2.6e-06,2.6e-06,tokenize.py:382(read_or_stop)
54,54,1.0,4.2900000000000006e-05,7.944444444444446e-07,typing.py:1131(_typevar_subst)
8,8,1.0,2e-05,2.5e-06,typing.py:1719(__getitem__)
340,340,1.0,0.0005736000000000001,1.687058823529412e-06,__main__.py:497(color_entry_signal)
2,2,1.0,0.000264,0.000132,__main__.py:164(find_first_spawn_signal)
1,1,1.0,4.1000000000000006e-06,4.1000000000000006e-06,warnings.py:118(_formatwarnmsg)
113,113,1.0,0.00039370000000000003,3.484070796460177e-06,typing.py:753(Union)
17,58,3.411764705882353,0.0001399,8.229411764705883e-06,typing.py:1452(__getitem__)
10,10,1.0,2.9100000000000003e-05,2.91e-06,typing.py:1748(__getitem__)
11,11,1.0,9.180000000000001e-05,8.345454545454546e-06,typing.py:1927(_get_protocol_attrs)
17,17,1.0,9e-06,5.294117647058824e-07,typing.py:3119(_get_typeddict_qualifiers)
1,1,1.0,3e-06,3e-06,warnings.py:97(_showwarnmsg)
1,1,1.0,1.7100000000000002e-05,1.7100000000000002e-05,sysfont.py:1(<module>)
5,5,1.0,1.9e-06,3.8e-07,inspect.py:3089(<genexpr>)
10,10,1.0,4.2000000000000004e-06,4.2000000000000006e-07,typing.py:544(__getattr__)
373,373,1.0,0.0001274,3.415549597855228e-07,typing.py:789(<genexpr>)
2,2,1.0,6.900000000000001e-06,3.4500000000000004e-06,typing.py:806(Optional)
14,14,1.0,9.9e-06,7.071428571428572e-07,typing.py:1105(__hash__)
2798,2798,1.0,0.00026940000000000004,9.628305932809151e-08,typing.py:1427(<genexpr>)
441,547,1.2403628117913832,0.0001439,3.2630385487528346e-07,typing.py:1443(__hash__)
632,632,1.0,0.0001673,2.6471518987341773e-07,typing.py:1765(__eq__)
29,29,1.0,2.6200000000000003e-05,9.03448275862069e-07,typing.py:2528(get_origin)
642,642,1.0,0.002063,3.2133956386292837e-06,train.py:329(color_route_coords)
340,340,1.0,0.0005374,1.5805882352941177e-06,display.py:317(display_auto_button_color)
1,1,1.0,1.1e-06,1.1e-06,typing.py:797(_make_union)
1,1,1.0,5.000000000000001e-07,5.000000000000001e-07,contextlib.py:444(__init__)
60,60,1.0,2.57e-05,4.2833333333333334e-07,typing.py:1446(__or__)
15,15,1.0,7.000000000000001e-06,4.666666666666667e-07,typing.py:1762(copy_with)
14,14,1.0,7.3e-06,5.214285714285714e-07,typing.py:1449(__ror__)
1,1,1.0,1.6000000000000001e-06,1.6000000000000001e-06,inspect.py:2478(_descriptor_get)
1,1,1.0,1.9e-06,1.9e-06,inspect.py:3110(replace)
1,1,1.0,3.6000000000000003e-06,3.6000000000000003e-06,typing.py:3414(__init__)
259,259,1.0,0.0011673,4.506949806949807e-06,typing.py:1423(__init__)
16,16,1.0,0.0001022,6.3875e-06,typing.py:2979(_make_nmtuple)
16715,16715,1.0,0.025887100000000003,1.5487346694585703e-06,display.py:54(set_char_color_at_coord)
17709,17709,1.0,0.0261469,1.4764752385792536e-06,display.py:64(get_char_color_at_coord)
1,1,1.0,2.5e-06,2.5e-06,linecache.py:22(getline)
43,43,1.0,3.66e-05,8.511627906976745e-07,typing.py:1574(copy_with)
1,1,1.0,2.9e-06,2.9e-06,inspect.py:3315(__str__)
2,2,1.0,1.5e-06,7.5e-07,typing.py:553(__repr__)
1,1,1.0,1.0000000000000002e-06,1.0000000000000002e-06,typing.py:1973(_caller)
1,1,1.0,1.2100000000000001e-05,1.2100000000000001e-05,__main__.py:22(Game)
86020,86020,1.0,0.023995500000000003,2.789525691699605e-07,signals.py:210(check_for_trains_in_section)
2262,2262,1.0,0.0026085,1.1531830238726792e-06,display.py:125(add_log)
1,1,1.0,6.8e-06,6.8e-06,numbers.py:172(Real)
1,1,1.0,4.0000000000000003e-07,4.0000000000000003e-07,contextlib.py:447(__enter__)
86,86,1.0,1.27e-05,1.4767441860465117e-07,typing.py:2371(cast)
1,1,1.0,2.2100000000000002e-05,2.2100000000000002e-05,tokenize.py:451(open)
23,23,1.0,3.13e-05,1.3608695652173914e-06,typing.py:2696(overload)
19,19,1.0,6.620000000000001e-05,3.48421052631579e-06,train.py:63(_at_stop_coord)
50,50,1.0,0.0001885,3.77e-06,typing.py:395(_flatten_literal_params)
50,50,1.0,0.00048120000000000004,9.624000000000001e-06,typing.py:812(Literal)
647,647,1.0,0.0001205,1.8624420401854715e-07,typing.py:1437(__eq__)
328,328,1.0,6.13e-05,1.8689024390243902e-07,typing.py:1807(__eq__)
642,642,1.0,0.0776817,0.00012099953271028039,train.py:290(display_on)
1,1,1.0,3.5000000000000004e-06,3.5000000000000004e-06,warnings.py:170(simplefilter)
2,2,1.0,2.5e-05,1.25e-05,threading.py:641(wait)
4,4,1.0,4.1800000000000006e-05,1.0450000000000002e-05,version.py:1(<module>)
58,58,1.0,2.1300000000000003e-05,3.6724137931034485e-07,typing.py:1221(<genexpr>)
10,10,1.0,4.9000000000000005e-06,4.900000000000001e-07,typing.py:1230(<genexpr>)
259,259,1.0,0.0002539,9.803088803088803e-07,typing.py:1307(__init__)
131,131,1.0,3.23e-05,2.465648854961832e-07,typing.py:1478(<genexpr>)
24,24,1.0,1.15e-05,4.791666666666667e-07,typing.py:1742(<genexpr>)
20,20,1.0,5.500000000000001e-06,2.75e-07,typing.py:2204(<genexpr>)
3692,3692,1.0,0.0012761,3.456392199349946e-07,__main__.py:578(get_next_char_from_direction)
5,5,1.0,6.5000000000000004e-06,1.3e-06,threading.py:303(__enter__)
5,5,1.0,5.4e-06,1.08e-06,threading.py:306(__exit__)
2,2,1.0,2.6e-06,1.3e-06,threading.py:312(_release_save)
2,2,1.0,3.3e-06,1.65e-06,threading.py:315(_acquire_restore)
1,1,1.0,1.0000000000000002e-06,1.0000000000000002e-06,threading.py:1320(Timer)
1,1,1.0,8.000000000000001e-07,8.000000000000001e-07,threading.py:1368(_DeleteDummyThreadOnDel)
1,1,1.0,8.000000000000001e-07,8.000000000000001e-07,threading.py:1397(_DummyThread)
113,115,1.0176991150442478,6.19e-05,5.47787610619469e-07,typing.py:574(__getitem__)
16,16,1.0,6.200000000000001e-06,3.8750000000000005e-07,typing.py:3112(_namedtuple_mro_entries)
2,2,1.0,1.2000000000000002e-06,6.000000000000001e-07,threading.py:605(is_set)
227,304,1.3392070484581498,0.00045670000000000004,2.0118942731277534e-06,typing.py:426(inner)
50,50,1.0,4.7600000000000005e-05,9.520000000000001e-07,typing.py:580(__getitem__)
2511,2511,1.0,0.000772,3.07447232178415e-07,typing.py:1122(_is_unpacked_typevartuple)
5,5,1.0,2.9e-06,5.800000000000001e-07,typing.py:1127(_is_typevar_like)
2846,2846,1.0,0.0010115,3.5541110330288126e-07,typing.py:1294(_is_dunder)
16,16,1.0,2.5500000000000003e-05,1.5937500000000002e-06,typing.py:1658(copy_with)
8,8,1.0,1.74e-05,2.175e-06,typing.py:1715(copy_with)
597,597,1.0,0.0010199,1.7083752093802346e-06,typing.py:1813(__hash__)
12,12,1.0,5.9e-06,4.916666666666667e-07,typing.py:1639(<genexpr>)
6,6,1.0,2.3e-06,3.8333333333333335e-07,typing.py:1754(<genexpr>)
24,24,1.0,9.3e-06,3.8750000000000005e-07,typing.py:1757(<genexpr>)
115,128,1.1130434782608696,0.0001553,1.3504347826086956e-06,typing.py:1773(__hash__)
7398,7398,1.0,0.0010284,1.3901054339010545e-07,typing.py:1803(<genexpr>)
9,9,1.0,1.2100000000000001e-05,1.3444444444444446e-06,typing.py:2754(final)
32,32,1.0,7.100000000000001e-06,2.2187500000000002e-07,typing.py:3004(<genexpr>)
6,6,1.0,2.0000000000000003e-06,3.333333333333334e-07,typing.py:3155(<genexpr>)
5226,5226,1.0,0.0010077,1.9282433983926522e-07,__main__.py:412(<genexpr>)
1170,1170,1.0,0.0002503,2.1393162393162395e-07,train.py:253(<genexpr>)
1326,1326,1.0,0.0002563,1.9328808446455505e-07,train.py:284(<genexpr>)
1,1,1.0,1.36e-05,1.36e-05,train.py:1(<module>)
1,1,1.0,1.0000000000000002e-06,1.0000000000000002e-06,threading.py:449(Semaphore)
1,1,1.0,8.000000000000001e-07,8.000000000000001e-07,threading.py:536(BoundedSemaphore)
3,3,1.0,1.2100000000000001e-05,4.033333333333333e-06,threading.py:592(__init__)
647,647,1.0,0.00014560000000000002,2.2503863987635243e-07,typing.py:1802(_value_and_type_iter)
2,2,1.0,1.2000000000000002e-06,6.000000000000001e-07,typing.py:3324(<lambda>)
1,1,1.0,4.5e-06,4.5e-06,train.py:7(Train)
1,1,1.0,2.0000000000000003e-06,2.0000000000000003e-06,threading.py:269(Condition)
3,3,1.0,4.7e-06,1.5666666666666666e-06,threading.py:1267(_make_invoke_excepthook)
1,1,1.0,1.34e-05,1.34e-05,__main__.py:23(__init__)
642,642,1.0,0.1350928,0.00021042492211838007,train.py:317(bounds_check)
3,3,1.0,1.3800000000000002e-05,4.600000000000001e-06,threading.py:398(notify)
1,1,1.0,8.8e-06,8.8e-06,threading.py:858(Thread)
253,253,1.0,0.0054625,2.1590909090909093e-05,signals.py:232(deactivate_TRTS)
1,1,1.0,1.3100000000000002e-05,1.3100000000000002e-05,__init__.py:91(_delvewheel_patch_1_10_0)
3,3,1.0,5.3e-06,1.7666666666666668e-06,threading.py:428(notify_all)
1,1,1.0,1.2000000000000002e-06,1.2000000000000002e-06,threading.py:581(Event)
4,4,1.0,2.9e-06,7.25e-07,threading.py:1147(daemon)
1,1,1.0,2.5e-06,2.5e-06,warnings.py:518(deprecated)
1,1,1.0,8.200000000000001e-06,8.200000000000001e-06,display.py:3(Display_Class)
1,1,1.0,2.3e-06,2.3e-06,cursors.py:56(Cursor)
1,1,1.0,5.500000000000001e-06,5.500000000000001e-06,warnings.py:20(_showwarnmsg_impl)
1,1,1.0,1.69e-05,1.69e-05,sprite.py:729(LayeredUpdates)
1,1,1.0,1.9600000000000002e-05,1.9600000000000002e-05,queue.py:40(Queue)
1,1,1.0,5.2400000000000007e-05,5.2400000000000007e-05,umath.py:1(<module>)
1,1,1.0,4.7e-06,4.7e-06,_dtype.py:1(<module>)
1,1,1.0,2.2e-06,2.2e-06,threading.py:141(_RLock)
2,2,1.0,3.2500000000000004e-05,1.6250000000000002e-05,threading.py:1000(_bootstrap)
2,2,1.0,1.66e-05,8.3e-06,threading.py:1049(_delete)
16715,16715,1.0,0.012848,7.686509123541729e-07,display.py:39(color_name_to_rgb)
2,2,1.0,5.600000000000001e-06,2.8000000000000003e-06,threading.py:1429(current_thread)
1,1,1.0,2.1000000000000002e-06,2.1000000000000002e-06,signals.py:2(Signal)
339,339,1.0,0.0006588000000000001,1.943362831858407e-06,display.py:121(display_game_time)
1,1,1.0,0.0002749,0.0002749,version.py:35(SoftwareVersion)
4,4,1.0,4.6e-06,1.15e-06,threading.py:122(RLock)
12,12,1.0,3.4e-05,2.8333333333333335e-06,__main__.py:560(skip_parts)
1,1,1.0,5.000000000000001e-07,5.000000000000001e-07,warnings.py:212(_processoptions)
3,3,1.0,1.02e-05,3.4e-06,threading.py:620(set)
1,1,1.0,3.9e-06,3.9e-06,threading.py:674(Barrier)
1,1,1.0,2.9e-06,2.9e-06,warnings.py:425(__init__)
2,2,1.0,0.0006277,0.00031385,threading.py:983(run)
1,1,1.0,5.500000000000001e-06,5.500000000000001e-06,sprite.py:262(DirtySprite)
1,1,1.0,6.4000000000000006e-06,6.4000000000000006e-06,sprite.py:363(AbstractGroup)
1,1,1.0,4.3e-06,4.3e-06,sprite.py:1400(GroupSingle)
4,4,1.0,4.3e-06,1.075e-06,__init__.py:158(__getattr__)
1,1,1.0,5.4e-06,5.4e-06,_inspect.py:1(<module>)
5,5,1.0,4.3e-06,8.6e-07,threading.py:318(_is_owned)
14,14,1.0,6.6e-05,4.714285714285715e-06,signals.py:129(duplicate_train_route_check)
1,1,1.0,7.9e-06,7.9e-06,sprite.py:99(Sprite)
1,1,1.0,1.2400000000000002e-05,1.2400000000000002e-05,sprite.py:1062(LayeredDirty)
1,1,1.0,2.2400000000000002e-05,2.2400000000000002e-05,__init__.py:445(_sanity_check)
1,347,347.0,0.0001352,0.0001352,__config__.py:19(_cleanup)
1,1,1.0,3.16e-05,3.16e-05,overrides.py:1(<module>)
1,1,1.0,6.1e-06,6.1e-06,exceptions.py:1(<module>)
1,1,1.0,7.000000000000001e-07,7.000000000000001e-07,warnings.py:420(WarningMessage)
26520,26520,1.0,0.0040406,1.523604826546003e-07,display.py:81(<genexpr>)
6754,6754,1.0,0.0012147,1.7984897838318033e-07,display.py:126(<genexpr>)
1,1,1.0,1.5e-06,1.5e-06,__init__.py:53(MissingModule)
2,2,1.0,1.6000000000000001e-06,8.000000000000001e-07,version.py:42(__new__)
30,30,1.0,6.6e-06,2.2e-07,cursors.py:90(<genexpr>)
1,1,1.0,1.7e-06,1.7e-06,sprite.py:251(WeakSprite)
1,1,1.0,5.1e-06,5.1e-06,sprite.py:701(OrderedUpdates)
1,1,1.0,3.7e-06,3.7e-06,sprite.py:1487(collide_rect_ratio)
1,1,1.0,1.7e-06,1.7e-06,sprite.py:1588(collide_circle_ratio)
1,1,1.0,1.8000000000000001e-06,1.8000000000000001e-06,queue.py:280(PriorityQueue)
1,1,1.0,1.3e-06,1.3e-06,queue.py:299(LifoQueue)
840601,840601,1.0,0.1279134,1.521689838579778e-07,display.py:61(<genexpr>)
1,1,1.0,1.5e-06,1.5e-06,warnings.py:442(catch_warnings)
896398,896398,1.0,0.1355212,1.5118418381120887e-07,display.py:72(<genexpr>)
2652,2652,1.0,0.00044940000000000003,1.6945701357466064e-07,signals.py:240(<genexpr>)
1,1,1.0,5.4e-06,5.4e-06,__init__.py:127(WorkerQueue)
1,1,1.0,1.4000000000000001e-06,1.4000000000000001e-06,subprocess.py:221(Handle)
2,2,1.0,2.5e-05,1.25e-05,threading.py:843(_newname)
2,2,1.0,3.1000000000000004e-06,1.5500000000000002e-06,threading.py:1020(_set_ident)
3,3,1.0,3.6000000000000003e-06,1.2000000000000002e-06,threading.py:1024(_set_native_id)
1,1,1.0,3.0000000000000004e-07,3.0000000000000004e-07,threading.py:1350(_MainThread)
1,1,1.0,7.3e-06,7.3e-06,display.py:1(<module>)
1,1,1.0,3.5000000000000004e-06,3.5000000000000004e-06,signals.py:1(<module>)
1,1,1.0,1.0000000000000002e-06,1.0000000000000002e-06,sprite.py:642(Group)
1,1,1.0,1.0000000000000002e-06,1.0000000000000002e-06,sprite.py:671(RenderUpdates)
1,1,1.0,1.2000000000000002e-06,1.2000000000000002e-06,__init__.py:176(FuncResult)
1,1,1.0,7.000000000000001e-07,7.000000000000001e-07,warnings.py:207(_OptionError)
1,1,1.0,3.0000000000000004e-07,3.0000000000000004e-07,threading.py:837(BrokenBarrierError)
1,1,1.0,6.000000000000001e-07,6.000000000000001e-07,version.py:56(PygameVersion)
1,1,1.0,7.000000000000001e-07,7.000000000000001e-07,version.py:61(SDLVersion)
1,1,1.0,7.000000000000001e-07,7.000000000000001e-07,sprite.py:357(WeakDirtySprite)
1,1,1.0,1.0000000000000002e-06,1.0000000000000002e-06,queue.py:31(Full)
1,1,1.0,9.000000000000001e-07,9.000000000000001e-07,queue.py:36(ShutDown)
1,1,1.0,7.000000000000001e-07,7.000000000000001e-07,subprocess.py:129(SubprocessError)
31,31,1.0,3.4e-06,1.096774193548387e-07,signal.py:16(<lambda>)
3,3,1.0,7.000000000000001e-07,2.3333333333333336e-07,signal.py:50(_wraps)
99,99,1.0,2.79e-05,2.818181818181818e-07,__init__.py:16(set_module)
1,1,1.0,4.0000000000000003e-07,4.0000000000000003e-07,multiarray.py:1098(copyto)
1,1,1.0,6.000000000000001e-07,6.000000000000001e-07,exceptions.py:48(ComplexWarning)
1,1,1.0,4.1000000000000006e-06,4.1000000000000006e-06,numerictypes.py:622(_register_types)
1,1,1.0,8.6e-06,8.6e-06,numbers.py:328(Integral)
1,1,1.0,5.7000000000000005e-06,5.7000000000000005e-06,_add_newdocs_scalars.py:54(_get_platform_and_machine)
1,1,1.0,2.0700000000000002e-05,2.0700000000000002e-05,_utils_impl.py:1(<module>)
1,1,1.0,6.300000000000001e-06,6.300000000000001e-06,queue.py:315(_PySimpleQueue)
6,6,1.0,4.7e-06,7.833333333333333e-07,_exceptions.py:17(_display_as_base)
1,1,1.0,6e-06,6e-06,subprocess.py:476(CompletedProcess)
1,1,1.0,1.98e-05,1.98e-05,multiarray.py:73(_override___module__)
1,1,1.0,7.7e-06,7.7e-06,datetime.py:1(<module>)
1,1,1.0,1.8000000000000001e-06,1.8000000000000001e-06,numbers.py:292(Rational)
1,1,1.0,1.0000000000000002e-06,1.0000000000000002e-06,subprocess.py:198(STARTUPINFO)
3,3,1.0,5.7000000000000005e-06,1.9000000000000002e-06,signal.py:51(decorator)
1,1,1.0,1.3e-06,1.3e-06,_globals.py:32(_NoValueType)
1,1,1.0,4.000000000000001e-06,4.000000000000001e-06,_globals.py:65(_CopyMode)
1,1,1.0,1.66e-05,1.66e-05,_distributor_init.py:1(<module>)
460,460,1.0,0.0001205,2.6195652173913046e-07,_inspect.py:13(ismethod)
460,460,1.0,9.690000000000001e-05,2.1065217391304351e-07,_inspect.py:26(isfunction)
460,460,1.0,9.510000000000001e-05,2.0673913043478262e-07,_inspect.py:41(iscode)
1,1,1.0,8.000000000000001e-07,8.000000000000001e-07,exceptions.py:109(AxisError)
1,1,1.0,1.1e-06,1.1e-06,_exceptions.py:38(_UFuncNoLoopError)
1,1,1.0,8.000000000000001e-07,8.000000000000001e-07,_exceptions.py:56(_UFuncBinaryResolutionError)
1,1,1.0,2.8000000000000003e-06,2.8000000000000003e-06,_exceptions.py:80(_UFuncInputCastingError)
1,1,1.0,6.000000000000001e-07,6.000000000000001e-07,_exceptions.py:98(_UFuncOutputCastingError)
1,1,1.0,3e-06,3e-06,subprocess.py:132(CalledProcessError)
1,1,1.0,1.7e-06,1.7e-06,subprocess.py:169(TimeoutExpired)
1,1,1.0,2.1000000000000002e-06,2.1000000000000002e-06,_globals.py:52(__new__)
1,1,1.0,1.56e-05,1.56e-05,numeric.py:137(ones)
24,24,1.0,1.79e-05,7.458333333333334e-07,numerictypes.py:590(_scalar_type_key)
2,2,1.0,2.7e-06,1.35e-06,_ufunc_config.py:430(__init__)
2,2,1.0,3.9e-06,1.95e-06,arrayprint.py:547(decorating_function)
1,1,1.0,1.1e-06,1.1e-06,_convertions.py:1(<module>)
99,99,1.0,2.4800000000000003e-05,2.505050505050505e-07,__init__.py:27(decorator)
1,1,1.0,3e-06,3e-06,__config__.py:14(DisplayModes)
9,9,1.0,7.9e-06,8.777777777777779e-07,overrides.py:27(finalize_array_function_like)
265,265,1.0,6.65e-05,2.509433962264151e-07,overrides.py:105(array_function_dispatch)
23,23,1.0,1.93e-05,8.391304347826088e-07,overrides.py:177(decorator)
23,23,1.0,4.2000000000000004e-06,1.8260869565217394e-07,overrides.py:173(array_function_from_dispatcher)
1,1,1.0,7.000000000000001e-07,7.000000000000001e-07,_exceptions.py:32(UFuncTypeError)
1,1,1.0,4.0000000000000003e-07,4.0000000000000003e-07,_exceptions.py:71(_UFuncCastingError)
1,1,1.0,3.7e-06,3.7e-06,contextvars.py:1(<module>)
30,30,1.0,1.62e-05,5.4e-07,signal.py:9(<lambda>)
460,460,1.0,0.00036940000000000003,8.030434782608697e-07,_inspect.py:96(getargspec)
1,1,1.0,1.3100000000000002e-05,1.3100000000000002e-05,_globals.py:1(<module>)
21,21,1.0,1.62e-05,7.714285714285715e-07,overrides.py:22(get_array_function_like_doc)
1,1,1.0,1.34e-05,1.34e-05,printoptions.py:1(<module>)
6,6,1.0,5.6200000000000004e-05,9.366666666666668e-06,numeric.py:2690(extend_all)
1,1,1.0,5e-06,5e-06,_internal.py:261(_ctypes)
1,1,1.0,0.00020400000000000003,0.00020400000000000003,_exceptions.py:1(<module>)
25,25,1.0,5.0900000000000004e-05,2.036e-06,dtypes.py:30(_add_dtype_helper)
1,1,1.0,1.63e-05,1.63e-05,numbers.py:1(<module>)
1,1,1.0,1.11e-05,1.11e-05,_iotools.py:1(<module>)
1,1,1.0,4.0000000000000003e-07,4.0000000000000003e-07,exceptions.py:59(ModuleDeprecationWarning)
1,1,1.0,4.0000000000000003e-07,4.0000000000000003e-07,exceptions.py:76(VisibleDeprecationWarning)
1,1,1.0,2.0000000000000002e-07,2.0000000000000002e-07,exceptions.py:87(RankWarning)
1,1,1.0,2.0000000000000002e-07,2.0000000000000002e-07,exceptions.py:97(TooHardError)
1,1,1.0,5.000000000000001e-07,5.000000000000001e-07,exceptions.py:200(DTypePromotionError)
1,1,1.0,8.000000000000001e-07,8.000000000000001e-07,dtypes.py:1(<module>)
1,1,1.0,4.0000000000000003e-07,4.0000000000000003e-07,numerictypes.py:364(_PreprocessDTypeError)
1,1,1.0,2.08e-05,2.08e-05,<string>:1(<module>)
1,1,1.0,4.6e-06,4.6e-06,_exceptions.py:116(_ArrayMemoryError)
1,1,1.0,1.9e-06,1.9e-06,pickle.py:194(_Framer)
2,2,1.0,2.3e-06,1.15e-06,_ufunc_config.py:456(__exit__)
1,1,1.0,1.5e-06,1.5e-06,_ufunc_config.py:363(errstate)
1,1,1.0,8.000000000000001e-07,8.000000000000001e-07,arrayprint.py:1369(DatetimeFormat)
1,1,1.0,1.5e-06,1.5e-06,_machar.py:17(MachAr)
1,1,1.0,9.2e-05,9.2e-05,fromnumeric.py:1(<module>)
1,1,1.0,0.00023850000000000002,0.00023850000000000002,pickle.py:1(<module>)
1,1,1.0,2.4500000000000003e-05,2.4500000000000003e-05,pickle.py:1180(_Unpickler)
1,1,1.0,2.4500000000000003e-05,2.4500000000000003e-05,getlimits.py:1(<module>)
1,1,1.0,0.0001376,0.0001376,getlimits.py:167(_register_known_types)
1,1,1.0,1.4700000000000002e-05,1.4700000000000002e-05,charset.py:1(<module>)
1,1,1.0,1.97e-05,1.97e-05,_nbit_base.py:1(<module>)
6,6,1.0,0.0001541,2.5683333333333335e-05,getlimits.py:35(__init__)
2,2,1.0,7.3e-06,3.65e-06,__init__.py:73(CFUNCTYPE)
18,18,1.0,2.5900000000000003e-05,1.4388888888888891e-06,arrayprint.py:1685(_array_str_implementation)
25,25,1.0,6.840000000000001e-05,2.7360000000000006e-06,_add_newdocs_scalars.py:71(add_newdoc_for_scalar_type)
1,1,1.0,9.600000000000001e-06,9.600000000000001e-06,_endian.py:1(<module>)
1,1,1.0,1.67e-05,1.67e-05,_stride_tricks_impl.py:1(<module>)
1,1,1.0,0.00010460000000000001,0.00010460000000000001,_linalg.py:1(<module>)
1,1,1.0,7.97e-05,7.97e-05,_add_newdocs.py:1(<module>)
1,1,1.0,6.16e-05,6.16e-05,_npyio_impl.py:1(<module>)
1,1,1.0,2.46e-05,2.46e-05,mixins.py:61(NDArrayOperatorsMixin)
1,1,1.0,4.5900000000000004e-05,4.5900000000000004e-05,parse.py:1(<module>)
1,1,1.0,3.77e-05,3.77e-05,_nanfunctions_impl.py:1(<module>)
1,1,1.0,4.91e-05,4.91e-05,_index_tricks_impl.py:1(<module>)
2,2,1.0,4.47e-05,2.235e-05,glob.py:1(<module>)
1,1,1.0,2.9100000000000003e-05,2.9100000000000003e-05,platform.py:1(<module>)
1,1,1.0,1.59e-05,1.59e-05,ipaddress.py:1579(_IPv4Constants)
1,1,1.0,8.000000000000001e-06,8.000000000000001e-06,ipaddress.py:1933(IPv6Address)
1,1,1.0,1.39e-05,1.39e-05,_abc.py:101(PurePathBase)
2,2,1.0,2.61e-05,1.305e-05,__init__.py:414(get_provider)
178,178,1.0,0.0009669,5.432022471910113e-06,__init__.py:2927(from_location)
1,1,1.0,1.83e-05,1.83e-05,format.py:1(<module>)
1,1,1.0,0.0001132,0.0001132,_function_base_impl.py:1(<module>)
1,1,1.0,1.72e-05,1.72e-05,_iotools.py:451(StringConverter)
1,1,1.0,3.83e-05,3.83e-05,_shape_base_impl.py:1(<module>)
1,1,1.0,3.86e-05,3.86e-05,_type_check_impl.py:1(<module>)
1,1,1.0,1.45e-05,1.45e-05,defmatrix.py:72(matrix)
1,1,1.0,3e-05,3e-05,_parser.py:1(<module>)
1,1,1.0,1.36e-05,1.36e-05,__init__.py:2712(EntryPoint)
1,1,1.0,9.9e-06,9.9e-06,string.py:69(__init_subclass__)
1,1,1.0,3.46e-05,3.46e-05,<frozen posixpath>:1(<module>)
356,356,1.0,0.0011644000000000001,3.2707865168539328e-06,__init__.py:2392(distributions_from_metadata)
1,1,1.0,6.120000000000001e-05,6.120000000000001e-05,__init__.py:3660(_initialize_master_working_set)
21,21,1.0,2.16e-05,1.0285714285714286e-06,ipaddress.py:1161(_make_netmask)
1,1,1.0,2.4000000000000003e-06,2.4000000000000003e-06,__init__.py:589(get_platform)
1,1,1.0,3.83e-05,3.83e-05,_arraysetops_impl.py:1(<module>)
1,1,1.0,4.58e-05,4.58e-05,_twodim_base_impl.py:1(<module>)
178,178,1.0,0.001516,8.516853932584269e-06,version.py:188(__init__)
1,1,1.0,1.97e-05,1.97e-05,base64.py:1(<module>)
1,1,1.0,0.0001241,0.0001241,_array_like.py:1(<module>)
1,1,1.0,9.400000000000001e-05,9.400000000000001e-05,socket.py:1(<module>)
1,1,1.0,5.3e-05,5.3e-05,client.py:1(<module>)
1,1,1.0,1.1400000000000001e-05,1.1400000000000001e-05,ssl.py:422(SSLContext)
1,1,1.0,3.71e-05,3.71e-05,plistlib.py:1(<module>)
1,1,1.0,0.0001228,0.0001228,Image.py:1(<module>)
1,1,1.0,6.3e-05,6.3e-05,request.py:1(<module>)
1,1,1.0,1.27e-05,1.27e-05,errors.py:1(<module>)
178,178,1.0,0.00045850000000000003,2.5758426966292136e-06,version.py:234(__str__)
1,1,1.0,4.07e-05,4.07e-05,tarfile.py:1(<module>)
1,1,1.0,3.1e-05,3.1e-05,markers.py:1(<module>)
1,1,1.0,1.9e-05,1.9e-05,_policybase.py:99(_extend_docstrings)
88,88,1.0,0.0001509,1.7147727272727274e-06,__init__.py:1776(_validate_resource_path)
21,21,1.0,5.0700000000000006e-05,2.4142857142857148e-06,ipaddress.py:1512(__init__)
1,1,1.0,2.22e-05,2.22e-05,ipaddress.py:2392(_IPv6Constants)
35,35,1.0,6.85e-05,1.957142857142857e-06,ipaddress.py:2316(__init__)
1,1,1.0,2.1000000000000002e-05,2.1000000000000002e-05,__init__.py:2903(Distribution)
2,2,1.0,1.5300000000000003e-05,7.650000000000001e-06,_local.py:257(_parse_path)
2,2,1.0,1.3100000000000002e-05,6.550000000000001e-06,__init__.py:1362(getLogger)
1,1,1.0,1.5300000000000003e-05,1.5300000000000003e-05,_local.py:482(Path)
52,52,1.0,5.45e-05,1.048076923076923e-06,ipaddress.py:1939(__init__)
1,1,1.0,2.5600000000000002e-05,2.5600000000000002e-05,pkgutil.py:1(<module>)
1,1,1.0,2.6600000000000003e-05,2.6600000000000003e-05,_local.py:1(<module>)
3,3,1.0,7.6e-06,2.5333333333333334e-06,_local.py:117(__init__)
1,1,1.0,0.00010680000000000001,0.00010680000000000001,quoprimime.py:1(<module>)
1,1,1.0,1.06e-05,1.06e-05,_musllinux.py:1(<module>)
178,178,1.0,0.0006539,3.6735955056179774e-06,__init__.py:770(add)
1,1,1.0,3.3900000000000004e-05,3.3900000000000004e-05,tarfile.py:869(TarInfo)
88,88,1.0,7.070000000000001e-05,8.034090909090911e-07,ipaddress.py:1213(_parse_octet)
31,31,1.0,2.78e-05,8.967741935483871e-07,ipaddress.py:1286(__init__)
1,1,1.0,1.8900000000000002e-05,1.8900000000000002e-05,tempfile.py:686(SpooledTemporaryFile)
1,1,1.0,5.7000000000000005e-06,5.7000000000000005e-06,specifiers.py:44(BaseSpecifier)
1,1,1.0,8.400000000000001e-06,8.400000000000001e-06,abc.py:62(Traversable)
1,1,1.0,2.5300000000000002e-05,2.5300000000000002e-05,specifiers.py:1(<module>)
1,1,1.0,3.77e-05,3.77e-05,_polynomial_impl.py:1(<module>)
1,1,1.0,8.200000000000001e-06,8.200000000000001e-06,random.py:128(seed)
1,1,1.0,2.58e-05,2.58e-05,recipes.py:1(<module>)
1,1,1.0,3.85e-05,3.85e-05,tempfile.py:1(<module>)
86,86,1.0,0.0003685,4.284883720930232e-06,__init__.py:3228(insert_on)
2,2,1.0,5.600000000000001e-06,2.8000000000000003e-06,hashlib.py:82(__get_builtin_constructor)
1,1,1.0,1.1700000000000001e-05,1.1700000000000001e-05,__init__.py:1137(Environment)
200,200,1.0,0.001603,8.015e-06,__init__.py:2321(find_on_path)
1,1,1.0,5.5900000000000004e-05,5.5900000000000004e-05,random.py:1(<module>)
1,1,1.0,3.9200000000000004e-05,3.9200000000000004e-05,tags.py:1(<module>)
1,1,1.0,7.8e-06,7.8e-06,__init__.py:1302(ZipFile)
1,1,1.0,3.7300000000000005e-05,3.7300000000000005e-05,__init__.py:671(Misc)
1,1,1.0,5.81e-05,5.81e-05,more.py:1(<module>)
6,6,1.0,1.3700000000000001e-05,2.2833333333333336e-06,__init__.py:106(_cnfmerge)
1,1,1.0,2.6600000000000003e-05,2.6600000000000003e-05,_tokenizer.py:1(<module>)
1,1,1.0,1.56e-05,1.56e-05,tarfile.py:1687(TarFile)
1,1,1.0,2.5e-06,2.5e-06,__init__.py:114(_getuserbase)
1,1,1.0,2.82e-05,2.82e-05,encoder.py:1(<module>)
1,1,1.0,2.92e-05,2.92e-05,_typing.py:1(<module>)
1,1,1.0,2.8400000000000003e-05,2.8400000000000003e-05,context.py:1(<module>)
1,1,1.0,3.72e-05,3.72e-05,traceback.py:1(<module>)
2,2,1.0,4.8200000000000006e-05,2.4100000000000003e-05,display_timetable.py:33(show_timetable_window)
1,1,1.0,3.97e-05,3.97e-05,Image.py:533(Image)
35,35,1.0,9.59e-05,2.74e-06,ipaddress.py:1661(_ip_int_from_string)
1,1,1.0,5.1500000000000005e-05,5.1500000000000005e-05,_common.py:1(<module>)
2,2,1.0,5.450000000000001e-05,2.7250000000000005e-05,abc.py:1(<module>)
2,2,1.0,9e-06,4.5e-06,__init__.py:1410(_fixupParents)
1,1,1.0,1.94e-05,1.94e-05,_abc.py:403(PathBase)
1,1,1.0,1.74e-05,1.74e-05,specifiers.py:99(Specifier)
1,1,1.0,6.7e-06,6.7e-06,__init__.py:6(HTTPStatus)
1,1,1.0,2.18e-05,2.18e-05,message.py:135(Message)
1,1,1.0,4.18e-05,4.18e-05,_manylinux.py:1(<module>)
1,1,1.0,8.44e-05,8.44e-05,shutil.py:1(<module>)
1,1,1.0,8.200000000000001e-06,8.200000000000001e-06,__init__.py:2123(Wm)
1,1,1.0,3.0500000000000003e-05,3.0500000000000003e-05,version.py:161(Version)
1,1,1.0,2.18e-05,2.18e-05,selectors.py:1(<module>)
1,1,1.0,6.900000000000001e-06,6.900000000000001e-06,decoder.py:292(__init__)
1,1,1.0,1.74e-05,1.74e-05,ssl.py:792(SSLObject)
1,1,1.0,1.6000000000000003e-05,1.6000000000000003e-05,button_box.py:1(<module>)
2,2,1.0,2.09e-05,1.045e-05,display_timetable.py:50(populate_table)
2,2,1.0,7.41e-05,3.705e-05,display_timetable.py:4(__init__)
2,2,1.0,6.200000000000001e-06,3.1000000000000004e-06,__init__.py:2139(wm_attributes)
42,42,1.0,5.41e-05,1.2880952380952381e-06,__init__.py:63(_stringify)
1,1,1.0,4.5e-06,4.5e-06,Image.py:3826(_apply_env_variables)
4,4,1.0,3.2200000000000003e-05,8.050000000000001e-06,__init__.py:1638(_options)
1,1,1.0,1.6800000000000002e-05,1.6800000000000002e-05,decoder.py:1(<module>)
1,1,1.0,1.87e-05,1.87e-05,ssl.py:978(SSLSocket)
1,1,1.0,3.18e-05,3.18e-05,demo.py:1(<module>)
1,1,1.0,5.5700000000000005e-05,5.5700000000000005e-05,TiffTags.py:1(<module>)
1,1,1.0,4.1000000000000006e-06,4.1000000000000006e-06,__init__.py:23(_set_platform_dir_class)
2,2,1.0,4.3100000000000004e-05,2.1550000000000002e-05,__init__.py:2479(_loadtk)
2,2,1.0,3.0200000000000002e-05,1.5100000000000001e-05,__init__.py:2768(__init__)
1,1,1.0,1.0700000000000001e-05,1.0700000000000001e-05,__init__.py:3752(Text)
2,2,1.0,8.09e-05,4.045e-05,__init__.py:2445(__init__)
1,1,1.0,1.3300000000000001e-05,1.3300000000000001e-05,socket.py:215(socket)
1,1,1.0,1.2100000000000001e-05,1.2100000000000001e-05,choice_box.py:1(<module>)
1,1,1.0,1.0300000000000001e-05,1.0300000000000001e-05,windows.py:16(Windows)
2,2,1.0,2.2700000000000003e-05,1.1350000000000001e-05,__init__.py:2785(destroy)
4,4,1.0,4.7300000000000005e-05,1.1825000000000001e-05,__init__.py:1683(_register)
1,1,1.0,2.09e-05,2.09e-05,api.py:14(PlatformDirsABC)
1,1,1.0,8.200000000000001e-06,8.200000000000001e-06,font.py:1(<module>)
1,1,1.0,5.3700000000000004e-05,5.3700000000000004e-05,ExifTags.py:21(Base)
2,2,1.0,1.41e-05,7.05e-06,__init__.py:299(loads)
2,2,1.0,4.0900000000000005e-05,2.0450000000000002e-05,__init__.py:2515(readprofile)
1,1,1.0,0.0001421,0.0001421,ExifTags.py:1(<module>)
1,1,1.0,6.1e-06,6.1e-06,messagebox.py:1(<module>)
1,1,1.0,2.26e-05,2.26e-05,ImageFile.py:1(<module>)
22,22,1.0,9.2e-06,4.181818181818182e-07,_type_aliases.py:118(<lambda>)
147,147,1.0,2.57e-05,1.7482993197278912e-07,<string>:1(<lambda>)
1,1,1.0,9.000000000000001e-07,9.000000000000001e-07,numbers.py:37(Number)
1,1,1.0,4.0000000000000003e-07,4.0000000000000003e-07,pickle.py:97(_Stop)
1,1,1.0,7.000000000000001e-07,7.000000000000001e-07,arrayprint.py:1281(IntegerFormat)
1,1,1.0,3.0100000000000003e-05,3.0100000000000003e-05,_string_helpers.py:1(<module>)
1,1,1.0,1.36e-05,1.36e-05,memmap.py:1(<module>)
1,1,1.0,3.0000000000000004e-07,3.0000000000000004e-07,pickle.py:77(PicklingError)
1,1,1.0,5.000000000000001e-07,5.000000000000001e-07,pickle.py:73(PickleError)
1,1,1.0,3.0000000000000004e-07,3.0000000000000004e-07,pickle.py:84(UnpicklingError)
1,1,1.0,5.000000000000001e-07,5.000000000000001e-07,_ufunc_config.py:356(_unspecified)
2,2,1.0,4.0000000000000003e-07,2.0000000000000002e-07,arrayprint.py:537(_recursive_guard)
7,7,1.0,2.6e-06,3.7142857142857145e-07,getlimits.py:160(_register_type)
1,1,1.0,1.1e-06,1.1e-06,pickle.py:257(_Unframer)
1,1,1.0,6.7e-06,6.7e-06,struct.py:1(<module>)
42,42,1.0,5.4e-06,1.2857142857142858e-07,_compat_pickle.py:164(<genexpr>)
86,86,1.0,6.900000000000001e-06,8.02325581395349e-08,_compat_pickle.py:166(<genexpr>)
1,1,1.0,1.0000000000000002e-06,1.0000000000000002e-06,arrayprint.py:959(FloatingFormat)
1,1,1.0,7.000000000000001e-07,7.000000000000001e-07,arrayprint.py:1310(ComplexFloatingFormat)
1,1,1.0,4.000000000000001e-06,4.000000000000001e-06,arrayprint.py:1432(StructuredVoidFormat)
1,1,1.0,2.6e-06,2.6e-06,records.py:56(format_parser)
36,36,1.0,1.9600000000000002e-05,5.444444444444445e-07,getlimits.py:92(_float_to_float)
42,42,1.0,1.3800000000000002e-05,3.285714285714286e-07,getlimits.py:102(_float_conv)
1,1,1.0,6.6e-06,6.6e-06,_add_newdocs_scalars.py:18(numeric_type_aliases)
1,1,1.0,2.9e-06,2.9e-06,_dtype_ctypes.py:1(<module>)
1,1,1.0,1.4000000000000001e-06,1.4000000000000001e-06,_internal.py:210(dummy_ctype)
1,1,1.0,1.55e-05,1.55e-05,einsumfunc.py:1(<module>)
18,18,1.0,3.19e-05,1.7722222222222224e-06,arrayprint.py:1678(_guarded_repr_or_str)
1,1,1.0,1.6000000000000001e-06,1.6000000000000001e-06,records.py:196(record)
36,36,1.0,2.1400000000000002e-05,5.944444444444445e-07,getlimits.py:17(_fr0)
36,36,1.0,2.8400000000000003e-05,7.88888888888889e-07,getlimits.py:25(_fr1)
1,1,1.0,2.8000000000000003e-06,2.8000000000000003e-06,getlimits.py:33(MachArLike)
50,50,1.0,1.3500000000000001e-05,2.7e-07,_add_newdocs.py:6637(refer_to_array_attribute)
1,1,1.0,9.800000000000001e-06,9.800000000000001e-06,_asarray.py:1(<module>)
1,1,1.0,6.300000000000001e-06,6.300000000000001e-06,_npyio_impl.py:106(NpzFile)
1,1,1.0,2.8000000000000003e-06,2.8000000000000003e-06,__init__.py:457(__getattr__)
1,1,1.0,1.4000000000000001e-06,1.4000000000000001e-06,records.py:282(recarray)
1,1,1.0,1.9e-06,1.9e-06,memmap.py:21(memmap)
36,36,1.0,7.33e-05,2.0361111111111113e-06,getlimits.py:112(_float_to_str)
1,1,1.0,1.06e-05,1.06e-05,__init__.py:407(__getitem__)
1,1,1.0,1.3e-06,1.3e-06,_datasource.py:532(Repository)
18,18,1.0,2.61e-05,1.45e-06,arrayprint.py:550(wrapper)
311,311,1.0,0.00012880000000000001,4.141479099678457e-07,function_base.py:455(_needs_add_docstring)
311,311,1.0,0.00012220000000000002,3.9292604501607723e-07,function_base.py:473(_add_docstring)
1,1,1.0,5.000000000000001e-07,5.000000000000001e-07,arrayprint.py:1300(BoolFormat)
1,1,1.0,5.000000000000001e-07,5.000000000000001e-07,arrayprint.py:1343(_TimelikeFormat)
1,1,1.0,6.000000000000001e-07,6.000000000000001e-07,arrayprint.py:1401(TimedeltaFormat)
1,1,1.0,6.000000000000001e-07,6.000000000000001e-07,arrayprint.py:1406(SubArrayFormat)
2,2,1.0,1.6000000000000001e-06,8.000000000000001e-07,__init__.py:102(CFunctionType)
1,1,1.0,5.000000000000001e-07,5.000000000000001e-07,_internal.py:256(c_void_p)
1,1,1.0,6.000000000000001e-07,6.000000000000001e-07,__init__.py:241(c_char_p)
1,1,1.0,5.000000000000001e-07,5.000000000000001e-07,__init__.py:257(c_wchar_p)
1,1,1.0,1.0000000000000002e-06,1.0000000000000002e-06,__init__.py:413(PyDLL)
1,1,1.0,5.000000000000001e-07,5.000000000000001e-07,__init__.py:422(WinDLL)
1,1,1.0,6.000000000000001e-07,6.000000000000001e-07,__init__.py:431(HRESULT)
1,1,1.0,5.000000000000001e-07,5.000000000000001e-07,__init__.py:444(OleDLL)
1,1,1.0,9.000000000000001e-07,9.000000000000001e-07,_endian.py:23(_swapped_meta)
1,1,1.0,6.000000000000001e-07,6.000000000000001e-07,_endian.py:48(BigEndianStructure)
1,1,1.0,4.0000000000000003e-07,4.0000000000000003e-07,_endian.py:55(BigEndianUnion)
5,5,1.0,3.3e-06,6.6e-07,_pytesttester.py:75(__init__)
1,1,1.0,5.1e-06,5.1e-06,array_utils.py:1(<module>)
1,1,1.0,2.6e-06,2.6e-06,introspect.py:1(<module>)
1,1,1.0,8.7e-06,8.7e-06,_machar.py:1(<module>)
1,1,1.0,7.6e-06,7.6e-06,getlimits.py:384(finfo)
1,1,1.0,5.8e-06,5.8e-06,getlimits.py:639(iinfo)
16,16,1.0,9e-06,5.625e-07,_add_newdocs_scalars.py:19(type_aliases_gen)
1,1,1.0,8.200000000000001e-06,8.200000000000001e-06,platform.py:921(uname_result)
1,1,1.0,5.000000000000001e-07,5.000000000000001e-07,__init__.py:166(c_short)
1,1,1.0,3.0000000000000004e-07,3.0000000000000004e-07,__init__.py:170(c_ushort)
1,1,1.0,3.0000000000000004e-07,3.0000000000000004e-07,__init__.py:174(c_long)
1,1,1.0,4.0000000000000003e-07,4.0000000000000003e-07,__init__.py:178(c_ulong)
1,1,1.0,4.0000000000000003e-07,4.0000000000000003e-07,__init__.py:195(c_float)
1,1,1.0,3.0000000000000004e-07,3.0000000000000004e-07,__init__.py:199(c_double)
1,1,1.0,4.0000000000000003e-07,4.0000000000000003e-07,__init__.py:203(c_longdouble)
1,1,1.0,3.0000000000000004e-07,3.0000000000000004e-07,__init__.py:213(c_longlong)
1,1,1.0,2.0000000000000002e-07,2.0000000000000002e-07,__init__.py:217(c_ulonglong)
1,1,1.0,3.0000000000000004e-07,3.0000000000000004e-07,__init__.py:224(c_ubyte)
1,1,1.0,3.0000000000000004e-07,3.0000000000000004e-07,__init__.py:231(c_byte)
1,1,1.0,4.0000000000000003e-07,4.0000000000000003e-07,__init__.py:236(c_char)
1,1,1.0,5.000000000000001e-07,5.000000000000001e-07,__init__.py:247(c_void_p)
1,1,1.0,2.0000000000000002e-07,2.0000000000000002e-07,__init__.py:252(c_bool)
1,1,1.0,4.0000000000000003e-07,4.0000000000000003e-07,__init__.py:262(c_wchar)
4,4,1.0,1.5e-06,3.75e-07,__init__.py:454(__init__)
1,1,1.0,3.0000000000000004e-07,3.0000000000000004e-07,_endian.py:34(_swapped_struct_meta)
1,1,1.0,2.0000000000000002e-07,2.0000000000000002e-07,_endian.py:35(_swapped_union_meta)
1,1,1.0,4.6e-06,4.6e-06,npyio.py:1(<module>)
1,1,1.0,1.8000000000000001e-06,1.8000000000000001e-06,_internal.py:630(_Stream)
20,20,1.0,7.8e-06,3.8999999999999997e-07,mixins.py:18(_binary_method)
14,14,1.0,1.2100000000000001e-05,8.642857142857144e-07,mixins.py:28(_reflected_binary_method)
13,13,1.0,4.000000000000001e-06,3.0769230769230774e-07,mixins.py:38(_inplace_binary_method)
13,13,1.0,1.2400000000000002e-05,9.53846153846154e-07,mixins.py:46(_numeric_methods)
4,4,1.0,1.2000000000000002e-06,3.0000000000000004e-07,mixins.py:53(_unary_method)
1,1,1.0,2.9e-06,2.9e-06,platform.py:865(_Processor)
42,42,1.0,1.8900000000000002e-05,4.5000000000000003e-07,_add_newdocs_scalars.py:83(<genexpr>)
1,1,1.0,3.8e-06,3.8e-06,__init__.py:322(CDLL)
1,1,1.0,6.7e-06,6.7e-06,__init__.py:453(LibraryLoader)
1,1,1.0,7.4e-06,7.4e-06,_array_utils_impl.py:1(<module>)
1,1,1.0,4.000000000000001e-06,4.000000000000001e-06,mixins.py:1(<module>)
1,1,1.0,3.4e-06,3.4e-06,_iotools.py:228(NameValidator)
1,1,1.0,2.2e-06,2.2e-06,__init__.py:400(__getattr__)
1,1,1.0,1.48e-05,1.48e-05,_datasource.py:1(<module>)
1,1,1.0,2.05e-05,2.05e-05,__init__.py:639(_build_master)
1,1,1.0,1.3e-06,1.3e-06,_internal.py:252(_missing_ctypes)
1,1,1.0,1.5e-06,1.5e-06,__init__.py:157(py_object)
2,2,1.0,2.1000000000000002e-06,1.0500000000000001e-06,__init__.py:384(_FuncPtr)
3,3,1.0,1.6000000000000001e-06,5.333333333333333e-07,__init__.py:523(CFunctionType)
3,3,1.0,1.8000000000000001e-06,6.000000000000001e-07,__init__.py:522(PYFUNCTYPE)
1,1,1.0,4.7e-06,4.7e-06,_pytesttester.py:45(PytestTester)
1,1,1.0,2.9e-06,2.9e-06,_pytesttester.py:1(<module>)
1,1,1.0,1.5e-06,1.5e-06,_npyio_impl.py:41(BagObj)
1,1,1.0,1.2000000000000002e-06,1.2000000000000002e-06,_datasource.py:73(_FileOpeners)
1,1,1.0,1.0000000000000002e-06,1.0000000000000002e-06,_datasource.py:98(__init__)
1,1,1.0,6.7e-06,6.7e-06,scimath.py:1(<module>)
1,1,1.0,1.3e-06,1.3e-06,_index_tricks_impl.py:110(nd_grid)
1,1,1.0,1.3e-06,1.3e-06,_index_tricks_impl.py:214(MGridClass)
1,1,1.0,8.000000000000001e-07,8.000000000000001e-07,_index_tricks_impl.py:276(OGridClass)
14,14,1.0,1.56e-05,1.1142857142857143e-06,__init__.py:145(_check_size)
1,1,1.0,2.1000000000000002e-06,2.1000000000000002e-06,_datasource.py:195(DataSource)
1,1,1.0,9.3e-06,9.3e-06,_index_tricks_impl.py:328(AxisConcatenator)
1,1,1.0,1.8500000000000002e-05,1.8500000000000002e-05,_nested_sequence.py:1(<module>)
1,1,1.0,1.0000000000000002e-06,1.0000000000000002e-06,_utils_impl.py:118(_Deprecate)
1,1,1.0,1.0000000000000002e-06,1.0000000000000002e-06,_stride_tricks_impl.py:14(DummyArray)
1,1,1.0,1.4000000000000001e-06,1.4000000000000001e-06,_index_tricks_impl.py:269(__init__)
1,1,1.0,7.000000000000001e-07,7.000000000000001e-07,_index_tricks_impl.py:321(__init__)
1,1,1.0,8.000000000000001e-07,8.000000000000001e-07,_index_tricks_impl.py:455(RClass)
1,1,1.0,7.000000000000001e-07,7.000000000000001e-07,_index_tricks_impl.py:559(CClass)
1,1,1.0,6.000000000000001e-07,6.000000000000001e-07,_iotools.py:430(ConverterLockError)
1,1,1.0,4.0000000000000003e-07,4.0000000000000003e-07,_iotools.py:422(ConverterError)
1,1,1.0,3.0000000000000004e-07,3.0000000000000004e-07,_iotools.py:438(ConversionWarning)
1,1,1.0,4.5e-06,4.5e-06,stride_tricks.py:1(<module>)
2,2,1.0,8.000000000000001e-07,4.0000000000000003e-07,_index_tricks_impl.py:146(__init__)
2,2,1.0,7.000000000000001e-07,3.5000000000000004e-07,_index_tricks_impl.py:791(__init__)
1,1,1.0,4.0000000000000003e-07,4.0000000000000003e-07,linalg.py:1(<module>)
1,1,1.0,6.000000000000001e-07,6.000000000000001e-07,_linalg.py:73(LinAlgError)
1,1,1.0,8.200000000000001e-06,8.200000000000001e-06,_ufunclike_impl.py:1(<module>)
1,1,1.0,1.7e-06,1.7e-06,_arraysetops_impl.py:387(UniqueAllResult)
1,1,1.0,9.2e-06,9.2e-06,parser.py:1(<module>)
1,1,1.0,1.4000000000000001e-06,1.4000000000000001e-06,__init__.py:1072(subscribe)
1,1,1.0,1.3700000000000001e-05,1.3700000000000001e-05,fastevent.py:1(<module>)
1,1,1.0,2.5e-06,2.5e-06,__init__.py:582(IResourceProvider)
86,86,1.0,8.08e-05,9.395348837209303e-07,__init__.py:1685(has_metadata)
1,1,1.0,3.7e-06,3.7e-06,_iotools.py:132(LineSplitter)
1,1,1.0,1.3700000000000001e-05,1.3700000000000001e-05,_linalg.py:59(SVDResult)
1,1,1.0,9.2e-06,9.2e-06,_nbit.py:1(<module>)
87,87,1.0,7.890000000000001e-05,9.06896551724138e-07,__init__.py:753(__iter__)
1,1,1.0,6.000000000000001e-07,6.000000000000001e-07,_policybase.py:41(__init__)
1,1,1.0,7.9e-06,7.9e-06,__init__.py:2001(ZipProvider)
1,1,1.0,1.6000000000000001e-06,1.6000000000000001e-06,_nested_sequence.py:21(_NestedSequence)
8,8,1.0,8.7e-06,1.0875e-06,_nbit_base.py:52(__init_subclass__)
1,1,1.0,2.6e-06,2.6e-06,_function_base_impl.py:2271(vectorize)
1,1,1.0,9.7e-06,9.7e-06,_shape.py:1(<module>)
1,1,1.0,2.0000000000000003e-06,2.0000000000000003e-06,_dtype_like.py:72(_DTypeDict)
1,1,1.0,1.0000000000000002e-06,1.0000000000000002e-06,_arraysetops_impl.py:394(UniqueCountsResult)
1,1,1.0,1.0000000000000002e-06,1.0000000000000002e-06,_arraysetops_impl.py:399(UniqueInverseResult)
1,1,1.0,1.6000000000000001e-06,1.6000000000000001e-06,_array_api_info.py:29(__array_namespace_info__)
2,2,1.0,1.2000000000000002e-06,6.000000000000001e-07,_index_tricks_impl.py:340(__init__)
1,1,1.0,1.7e-06,1.7e-06,_index_tricks_impl.py:552(__init__)
1,1,1.0,7.000000000000001e-07,7.000000000000001e-07,_index_tricks_impl.py:586(__init__)
1,1,1.0,1.4000000000000001e-06,1.4000000000000001e-06,_index_tricks_impl.py:593(ndenumerate)
1,1,1.0,1.4000000000000001e-06,1.4000000000000001e-06,_index_tricks_impl.py:643(ndindex)
1,1,1.0,2.97e-05,2.97e-05,_linalg.py:43(EigResult)
1,1,1.0,1.4000000000000001e-05,1.4000000000000001e-05,_linalg.py:47(EighResult)
1,1,1.0,1.04e-05,1.04e-05,_linalg.py:51(QRResult)
1,1,1.0,1.11e-05,1.11e-05,_linalg.py:55(SlogdetResult)
1,1,1.0,1.1e-06,1.1e-06,__future__.py:81(_Feature)
1,1,1.0,1.1e-06,1.1e-06,_nbit_base.py:6(NBitBase)
1,1,1.0,2.3e-06,2.3e-06,_dtype_like.py:66(_DTypeDictBase)
1,1,1.0,1.7e-06,1.7e-06,_dtype_like.py:82(_SupportsDType)
1,1,1.0,8.000000000000001e-07,8.000000000000001e-07,_array_like.py:53(_SupportsArrayFunc)
1,1,1.0,8.000000000000001e-07,8.000000000000001e-07,_index_tricks_impl.py:744(IndexExpression)
10,10,1.0,2.2e-06,2.2e-07,__future__.py:83(__init__)
1,1,1.0,7.000000000000001e-07,7.000000000000001e-07,_array_like.py:48(_SupportsArray)
1,1,1.0,5.7000000000000005e-06,5.7000000000000005e-06,_ufunc.py:1(<module>)
1,1,1.0,2.12e-05,2.12e-05,defmatrix.py:1(<module>)
178,178,1.0,0.0003835,2.154494382022472e-06,__init__.py:1563(safe_version)
6,6,1.0,2.8700000000000003e-05,4.783333333333334e-06,abc.py:41(_register)
1,1,1.0,8.8e-06,8.8e-06,__future__.py:1(<module>)
86,86,1.0,0.0001583,1.8406976744186046e-06,__init__.py:3137(activate)
22,22,1.0,2.23e-05,1.0136363636363636e-06,ipaddress.py:1187(_ip_int_from_string)
2,2,1.0,2.0000000000000003e-06,1.0000000000000002e-06,_local.py:237(_format_parsed_parts)
1,1,1.0,5.000000000000001e-07,5.000000000000001e-07,_nbit_base.py:61(_256Bit)
1,1,1.0,4.0000000000000003e-07,4.0000000000000003e-07,_nbit_base.py:67(_128Bit)
1,1,1.0,2.0000000000000002e-07,2.0000000000000002e-07,_nbit_base.py:72(_96Bit)
1,1,1.0,3.0000000000000004e-07,3.0000000000000004e-07,_nbit_base.py:77(_80Bit)
1,1,1.0,3.0000000000000004e-07,3.0000000000000004e-07,_nbit_base.py:82(_64Bit)
1,1,1.0,3.0000000000000004e-07,3.0000000000000004e-07,_nbit_base.py:87(_32Bit)
1,1,1.0,3.0000000000000004e-07,3.0000000000000004e-07,_nbit_base.py:92(_16Bit)
1,1,1.0,2.0000000000000002e-07,2.0000000000000002e-07,_nbit_base.py:97(_8Bit)
1,1,1.0,7.2000000000000005e-06,7.2000000000000005e-06,__init__.py:445(get_build_platform)
1,1,1.0,9.3e-06,9.3e-06,__init__.py:1653(NullProvider)
26,26,1.0,2.08e-05,8.000000000000001e-07,ipaddress.py:474(_prefix_from_prefix_string)
1,1,1.0,7.2000000000000005e-06,7.2000000000000005e-06,_arraypad_impl.py:1(<module>)
1,1,1.0,1.4200000000000001e-05,1.4200000000000001e-05,__init__.py:625(__init__)
2,2,1.0,8.5e-06,4.25e-06,__init__.py:1881(_setup_prefix)
2,2,1.0,3.8e-06,1.9e-06,_version.py:1(<module>)
1,1,1.0,1.2000000000000002e-06,1.2000000000000002e-06,__init__.py:1334(ExtractionError)
1,1,1.0,1.1900000000000001e-05,1.1900000000000001e-05,__init__.py:1363(resource_exists)
1,1,1.0,6.7e-06,6.7e-06,__init__.py:1383(resource_stream)
178,178,1.0,0.0001343,7.54494382022472e-07,__init__.py:1555(safe_name)
1,1,1.0,1.3e-06,1.3e-06,parser.py:75(BytesParser)
1,1,1.0,1.8000000000000001e-06,1.8000000000000001e-06,__init__.py:1950(ZipManifests)
1,1,1.0,9.000000000000001e-07,9.000000000000001e-07,__init__.py:1983(manifest_mod)
1,1,1.0,2.8000000000000003e-06,2.8000000000000003e-06,__init__.py:1978(MemoizedZipManifests)
1,1,1.0,1.1e-06,1.1e-06,__init__.py:2360(NoDists)
1,1,1.0,2.7e-06,2.7e-06,__init__.py:189(get_supported_platform)
1,1,1.0,8.400000000000001e-06,8.400000000000001e-06,__init__.py:1354(ResourceManager)
22,22,1.0,2.2800000000000002e-05,1.0363636363636365e-06,__init__.py:2376(safe_listdir)
86,86,1.0,7.52e-05,8.744186046511628e-07,__init__.py:2580(fixup_namespace_packages)
1,1,1.0,7.9e-06,7.9e-06,_policybase.py:112(Policy)
1,1,1.0,8.000000000000001e-06,8.000000000000001e-06,ipaddress.py:1280(IPv4Address)
1,1,1.0,2.5e-06,2.5e-06,_arrayterator_impl.py:16(Arrayterator)
1,1,1.0,3.6000000000000003e-06,3.6000000000000003e-06,_version.py:14(NumpyVersion)
1,1,1.0,4.4e-06,4.4e-06,_array_api_info.py:1(<module>)
1,1,1.0,1e-05,1e-05,pkgdata.py:1(<module>)
1,1,1.0,3.3e-06,3.3e-06,__init__.py:308(VersionConflict)
1,1,1.0,3.3e-06,3.3e-06,__init__.py:355(DistributionNotFound)
1,1,1.0,3.9e-06,3.9e-06,__init__.py:1894(DefaultProvider)
1146,1146,1.0,0.00039880000000000004,3.479930191972077e-07,__init__.py:2332(<genexpr>)
1,1,1.0,6.5000000000000004e-06,6.5000000000000004e-06,feedparser.py:136(FeedParser)
6,6,1.0,8.3e-06,1.3833333333333334e-06,_policybase.py:94(_append_doc)
1,1,1.0,5.1e-06,5.1e-06,base64mime.py:1(<module>)
1,1,1.0,9.000000000000001e-07,9.000000000000001e-07,__init__.py:130(_ZipLoaderModule)
1,1,1.0,1.4000000000000001e-06,1.4000000000000001e-06,__init__.py:301(ResolutionError)
1,1,1.0,1.1e-06,1.1e-06,__init__.py:1118(_ReqExtras)
1,1,1.0,1.0000000000000002e-06,1.0000000000000002e-06,parser.py:67(HeaderParser)
1,1,1.0,1.0000000000000002e-06,1.0000000000000002e-06,parser.py:122(BytesHeaderParser)
178,178,1.0,8.71e-05,4.893258426966292e-07,__init__.py:2237(__init__)
1,1,1.0,1.6000000000000001e-06,1.6000000000000001e-06,__init__.py:2217(PathMetadata)
1,1,1.0,6.000000000000001e-07,6.000000000000001e-07,__init__.py:2242(EggMetadata)
1,1,1.0,9.000000000000001e-07,9.000000000000001e-07,__init__.py:3352(EggInfoDistribution)
4,4,1.0,1.5e-06,3.75e-07,__init__.py:149(_declare_state)
1,1,1.0,5.000000000000001e-07,5.000000000000001e-07,__init__.py:137(PEP440Warning)
1,1,1.0,6.000000000000001e-07,6.000000000000001e-07,__init__.py:384(UnknownExtra)
4,4,1.0,1.8000000000000001e-06,4.5000000000000003e-07,__init__.py:398(register_loader_type)
1,1,1.0,5.000000000000001e-07,5.000000000000001e-07,__init__.py:1359(__init__)
1,1,1.0,5.000000000000001e-07,5.000000000000001e-07,errors.py:8(MessageError)
1,1,1.0,5.000000000000001e-07,5.000000000000001e-07,errors.py:12(MessageParseError)
3,3,1.0,9.000000000000001e-07,3.0000000000000004e-07,__init__.py:2262(register_finder)
946,946,1.0,0.00018930000000000002,2.0010570824524315e-07,__init__.py:2372(__call__)
3,3,1.0,6.000000000000001e-07,2.0000000000000002e-07,__init__.py:2446(register_namespace_handler)
14,14,1.0,1.0500000000000001e-05,7.500000000000001e-07,__init__.py:2660(_normalize_cached)
1,1,1.0,4.0000000000000003e-07,4.0000000000000003e-07,errors.py:16(HeaderParseError)
1,1,1.0,3.0000000000000004e-07,3.0000000000000004e-07,errors.py:20(BoundaryError)
1,1,1.0,2.0000000000000002e-07,2.0000000000000002e-07,errors.py:24(MultipartConversionError)
1,1,1.0,2.0000000000000002e-07,2.0000000000000002e-07,errors.py:28(CharsetError)
1,1,1.0,5.000000000000001e-07,5.000000000000001e-07,__init__.py:3453(RequirementParseError)
1,1,1.0,2.0000000000000002e-07,2.0000000000000002e-07,errors.py:32(HeaderWriteError)
1,1,1.0,3.0000000000000004e-07,3.0000000000000004e-07,errors.py:45(NoBoundaryInMultipartDefect)
1,1,1.0,4.0000000000000003e-07,4.0000000000000003e-07,__init__.py:3600(PkgResourcesDeprecationWarning)
2,2,1.0,4.800000000000001e-06,2.4000000000000003e-06,__init__.py:3643(_call_aside)
1,1,1.0,2.0000000000000002e-07,2.0000000000000002e-07,errors.py:48(StartBoundaryNotFoundDefect)
1,1,1.0,2.0000000000000002e-07,2.0000000000000002e-07,errors.py:51(CloseBoundaryNotFoundDefect)
1,1,1.0,2.0000000000000002e-07,2.0000000000000002e-07,errors.py:54(FirstHeaderLineIsContinuationDefect)
1,1,1.0,2.0000000000000002e-07,2.0000000000000002e-07,errors.py:57(MisplacedEnvelopeHeaderDefect)
1,1,1.0,2.0000000000000002e-07,2.0000000000000002e-07,errors.py:60(MissingHeaderBodySeparatorDefect)
1,1,1.0,2.0000000000000002e-07,2.0000000000000002e-07,errors.py:65(MultipartInvariantViolationDefect)
1,1,1.0,3.0000000000000004e-07,3.0000000000000004e-07,errors.py:68(InvalidMultipartContentTransferEncodingDefect)
1,1,1.0,2.0000000000000002e-07,2.0000000000000002e-07,errors.py:71(UndecodableBytesDefect)
1,1,1.0,3.0000000000000004e-07,3.0000000000000004e-07,errors.py:74(InvalidBase64PaddingDefect)
1,1,1.0,2.0000000000000002e-07,2.0000000000000002e-07,errors.py:77(InvalidBase64CharactersDefect)
46,46,1.0,2.8700000000000003e-05,6.239130434782609e-07,__init__.py:2680(_is_unpacked_egg)
1,1,1.0,1.15e-05,1.15e-05,string.py:1(<module>)
56,56,1.0,5.2300000000000004e-05,9.339285714285715e-07,ipaddress.py:533(_split_addr_prefix)
1,1,1.0,1.04e-05,1.04e-05,ipaddress.py:383(_IPAddressBase)
1,1,1.0,4.4e-06,4.4e-06,_arrayterator_impl.py:1(<module>)
86,86,1.0,2.2800000000000002e-05,2.6511627906976744e-07,__init__.py:1088(_added_new)
86,86,1.0,3.65e-05,4.244186046511628e-07,__init__.py:1682(_get_metadata_path)
2,2,1.0,2.11e-05,1.055e-05,__init__.py:1877(__init__)
1,1,1.0,2.0000000000000003e-06,2.0000000000000003e-06,__init__.py:1874(EggProvider)
87,87,1.0,4.25e-05,4.885057471264368e-07,__init__.py:1897(_has)
24,24,1.0,2e-05,8.333333333333334e-07,__init__.py:2665(_is_egg_path)
1,1,1.0,1.5e-06,1.5e-06,parser.py:16(Parser)
87,87,1.0,9.16e-05,1.0528735632183908e-06,__init__.py:3685(<genexpr>)
1,1,1.0,2.3e-06,2.3e-06,_policybase.py:18(_PolicyBase)
1,1,1.0,2.4000000000000003e-06,2.4000000000000003e-06,_policybase.py:279(Compat32)
2,2,1.0,1.97e-05,9.85e-06,__init__.py:1660(__init__)
780,780,1.0,0.00038700000000000003,4.961538461538462e-07,__init__.py:2997(key)
1,1,1.0,3.9e-06,3.9e-06,__init__.py:3457(Requirement)
1,1,1.0,4.6e-06,4.6e-06,string.py:57(Template)
1,1,1.0,8.900000000000001e-06,8.900000000000001e-06,parse.py:152(_NetlocResultMixinBase)
2,2,1.0,6.8e-06,3.4e-06,parse.py:845(__getattr__)
35,35,1.0,1.2400000000000002e-05,3.542857142857143e-07,ipaddress.py:1904(_split_scope_id)
24,24,1.0,0.00022630000000000003,9.429166666666668e-06,__init__.py:681(add_entry)
14,14,1.0,3.9500000000000005e-05,2.8214285714285718e-06,__init__.py:2633(normalize_path)
24,24,1.0,1.6800000000000002e-05,7.000000000000001e-07,__init__.py:2672(_is_zip_egg)
1,1,1.0,5.4e-06,5.4e-06,sndarray.py:1(<module>)
1,1,1.0,2.0000000000000003e-06,2.0000000000000003e-06,__init__.py:342(ContextualVersionConflict)
1,1,1.0,2.3e-06,2.3e-06,__init__.py:553(IMetadataProvider)
1,1,1.0,4.000000000000001e-06,4.000000000000001e-06,__init__.py:1679(has_resource)
1,1,1.0,4.9000000000000005e-06,4.9000000000000005e-06,__init__.py:1906(get_resource_stream)
1,1,1.0,3.2000000000000003e-06,3.2000000000000003e-06,__init__.py:1929(EmptyProvider)
1,1,1.0,2.2e-06,2.2e-06,__init__.py:2176(FileMetadata)
24,24,1.0,4.3e-05,1.7916666666666667e-06,__init__.py:2274(find_distributions)
1,1,1.0,2.8000000000000003e-06,2.8000000000000003e-06,feedparser.py:46(BufferedSubFile)
5,5,1.0,3.8e-06,7.6e-07,_policybase.py:104(<genexpr>)
1,1,1.0,4.4e-06,4.4e-06,header.py:184(Header)
1,1,1.0,1.8000000000000001e-06,1.8000000000000001e-06,header.py:417(_ValueFormatter)
1,1,1.0,1.8000000000000001e-06,1.8000000000000001e-06,string.py:188(Formatter)
88,88,1.0,0.00013560000000000002,1.5409090909090911e-06,__init__.py:1766(_fn)
178,178,1.0,0.0001974,1.1089887640449438e-06,__init__.py:2908(__init__)
26,26,1.0,7.37e-05,2.8346153846153845e-06,__init__.py:3526(_find_adapter)
1,1,1.0,1.43e-05,1.43e-05,_policybase.py:1(<module>)
1,1,1.0,5.500000000000001e-06,5.500000000000001e-06,quopri.py:1(<module>)
26,26,1.0,6.7e-06,2.576923076923077e-07,ipaddress.py:415(_check_int_address)
1,1,1.0,5e-06,5e-06,ipaddress.py:1430(IPv4Interface)
1,1,1.0,7.000000000000001e-06,7.000000000000001e-06,abc.py:96(InspectLoader)
47,47,1.0,2.8700000000000003e-05,6.106382978723405e-07,ipaddress.py:1774(_parse_hextet)
26,26,1.0,2.3500000000000002e-05,9.038461538461539e-07,__init__.py:1863(_parents)
1,1,1.0,3.8e-06,3.8e-06,__init__.py:1915(_register)
14,14,1.0,5e-06,3.5714285714285716e-07,__init__.py:2638(_cygwin_patch)
86,86,1.0,8.43e-05,9.80232558139535e-07,__init__.py:3129(_get_metadata)
264,264,1.0,0.00030000000000000003,1.1363636363636364e-06,__init__.py:3170(__getattr__)
1,1,1.0,3.2000000000000003e-06,3.2000000000000003e-06,__init__.py:3371(DistInfoDistribution)
14,14,1.0,1.25e-05,8.928571428571429e-07,__init__.py:3653(<genexpr>)
1,1,1.0,3.4e-06,3.4e-06,__init__.py:3648(_initialize)
1,1,1.0,2.1000000000000002e-06,2.1000000000000002e-06,header.py:545(_Accumulator)
1,1,1.0,2.2e-06,2.2e-06,parse.py:361(_fix_result_transcoding)
56,56,1.0,3.1700000000000005e-05,5.660714285714286e-07,ipaddress.py:156(_split_optional_netmask)
1,1,1.0,1.7e-06,1.7e-06,ipaddress.py:563(_BaseAddress)
1,1,1.0,4.0000000000000003e-07,4.0000000000000003e-07,__init__.py:1943(__init__)
2,2,1.0,2.0000000000000002e-07,1.0000000000000001e-07,__init__.py:2312(find_nothing)
178,178,1.0,1.9200000000000003e-05,1.0786516853932586e-07,__init__.py:2955(_reload_version)
26,26,1.0,1.1400000000000001e-05,4.384615384615385e-07,__init__.py:3516(_always_object)
1,1,1.0,8.000000000000001e-07,8.000000000000001e-07,feedparser.py:533(BytesFeedParser)
1,1,1.0,9.000000000000001e-07,9.000000000000001e-07,errors.py:37(MessageDefect)
1,1,1.0,6.000000000000001e-07,6.000000000000001e-07,errors.py:85(HeaderDefect)
1,1,1.0,6.000000000000001e-07,6.000000000000001e-07,errors.py:97(NonPrintableDefect)
1,1,1.0,1.1e-06,1.1e-06,parse.py:190(_NetlocResultMixinStr)
1,1,1.0,8.000000000000001e-07,8.000000000000001e-07,parse.py:220(_NetlocResultMixinBytes)
1,1,1.0,9.000000000000001e-07,9.000000000000001e-07,parse.py:854(_Quoter)
1,1,1.0,2.0000000000000002e-07,2.0000000000000002e-07,errors.py:80(InvalidBase64LengthDefect)
1,1,1.0,3.0000000000000004e-07,3.0000000000000004e-07,errors.py:91(InvalidHeaderDefect)
1,1,1.0,2.0000000000000002e-07,2.0000000000000002e-07,errors.py:94(HeaderMissingRequiredValue)
1,1,1.0,2.0000000000000002e-07,2.0000000000000002e-07,errors.py:108(ObsoleteHeaderDefect)
1,1,1.0,3.0000000000000004e-07,3.0000000000000004e-07,errors.py:111(NonASCIILocalPartDefect)
1,1,1.0,2.0000000000000002e-07,2.0000000000000002e-07,errors.py:116(InvalidDateDefect)
1,1,1.0,6.000000000000001e-07,6.000000000000001e-07,ipaddress.py:20(AddressValueError)
1,1,1.0,3.0000000000000004e-07,3.0000000000000004e-07,ipaddress.py:24(NetmaskValueError)
1,1,1.0,6.000000000000001e-07,6.000000000000001e-07,ipaddress.py:1131(_BaseConstants)
1,1,1.0,5.3e-06,5.3e-06,encoders.py:1(<module>)
26,26,1.0,9.3e-06,3.5769230769230774e-07,ipaddress.py:431(_ip_int_from_prefix)
1,1,1.0,1.2000000000000002e-06,1.2000000000000002e-06,ipaddress.py:2300(IPv6Network)
1,1,1.0,1.1e-06,1.1e-06,_parseaddr.py:515(AddressList)
1,1,1.0,1.6000000000000001e-06,1.6000000000000001e-06,abc.py:80(ResourceLoader)
1,1,1.0,2.0000000000000003e-06,2.0000000000000003e-06,abc.py:149(ExecutionLoader)
1,1,1.0,2.2e-06,2.2e-06,parse.py:136(_ResultMixinStr)
1,1,1.0,7.000000000000001e-07,7.000000000000001e-07,parse.py:144(_ResultMixinBytes)
1,1,1.0,8.000000000000001e-07,8.000000000000001e-07,parse.py:323(DefragResult)
1,1,1.0,5.000000000000001e-07,5.000000000000001e-07,parse.py:331(SplitResult)
1,1,1.0,4.0000000000000003e-07,4.0000000000000003e-07,parse.py:336(ParseResult)
1,1,1.0,4.0000000000000003e-07,4.0000000000000003e-07,parse.py:342(DefragResultBytes)
1,1,1.0,4.0000000000000003e-07,4.0000000000000003e-07,parse.py:350(SplitResultBytes)
1,1,1.0,4.0000000000000003e-07,4.0000000000000003e-07,parse.py:355(ParseResultBytes)
112,112,1.0,1.04e-05,9.285714285714286e-08,ipaddress.py:574(__int__)
1,1,1.0,1.3e-06,1.3e-06,abc.py:52(MetaPathFinder)
1,1,1.0,1.0000000000000002e-06,1.0000000000000002e-06,abc.py:68(PathEntryFinder)
1,1,1.0,5.4e-06,5.4e-06,ipaddress.py:1139(_BaseV4)
1,1,1.0,8.6e-06,8.6e-06,_parseaddr.py:1(<module>)
2,2,1.0,3.2000000000000003e-06,1.6000000000000001e-06,_local.py:277(_raw_path)
1,1,1.0,2.1000000000000002e-06,2.1000000000000002e-06,charset.py:162(Charset)
1,1,1.0,4.2000000000000004e-06,4.2000000000000004e-06,_abc.py:55(ParserBase)
1,1,1.0,2.5e-06,2.5e-06,ipaddress.py:1497(IPv4Network)
1,1,1.0,5e-06,5e-06,_common.py:19(package_to_anchor)
1,1,1.0,3.3e-06,3.3e-06,_common.py:33(wrapper)
1,1,1.0,8.8e-06,8.8e-06,tempfile.py:865(TemporaryDirectory)
1,1,1.0,1.52e-05,1.52e-05,bz2.py:1(<module>)
1,1,1.0,7.6e-06,7.6e-06,plistlib.py:177(_PlistParser)
1,1,1.0,7.000000000000001e-06,7.000000000000001e-06,__init__.py:192(_Extra)
1,1,1.0,1.15e-05,1.15e-05,ipaddress.py:1621(_BaseV6)
1,1,1.0,5.500000000000001e-06,5.500000000000001e-06,ipaddress.py:2225(IPv6Interface)
1,1,1.0,1.76e-05,1.76e-05,glob.py:527(_StringGlobber)
1,1,1.0,1.08e-05,1.08e-05,bz2.py:26(BZ2File)
1,1,1.0,3.4e-06,3.4e-06,random.py:225(__init_subclass__)
1,1,1.0,5.9e-06,5.9e-06,abc.py:16(ResourceReader)
1,1,1.0,4.5e-06,4.5e-06,_common.py:51(files)
1,1,1.0,1.8000000000000001e-06,1.8000000000000001e-06,abc.py:199(SourceLoader)
1,1,1.0,2.4000000000000003e-06,2.4000000000000003e-06,_common.py:80(_)
88,88,1.0,2.3500000000000002e-05,2.6704545454545457e-07,<frozen posixpath>:42(_get_sep)
35,35,1.0,2.92e-05,8.342857142857143e-07,ipaddress.py:1641(_make_netmask)
1,1,1.0,1.2100000000000001e-05,1.2100000000000001e-05,random.py:103(Random)
1,1,1.0,1.5700000000000002e-05,1.5700000000000002e-05,_abc.py:1(<module>)
1,1,1.0,1.3100000000000002e-05,1.3100000000000002e-05,specifiers.py:690(SpecifierSet)
1,1,1.0,1.8000000000000001e-06,1.8000000000000001e-06,_parseaddr.py:214(AddrlistClass)
1,1,1.0,3.4e-06,3.4e-06,_local.py:245(_from_parsed_parts)
1,1,1.0,1.9e-06,1.9e-06,_local.py:529(open)
1,1,1.0,5.8e-06,5.8e-06,tempfile.py:433(_TemporaryFileCloser)
1,1,1.0,7.2000000000000005e-06,7.2000000000000005e-06,_functional.py:1(<module>)
1,1,1.0,2.0000000000000003e-06,2.0000000000000003e-06,__init__.py:1210(_ZipWriteFile)
1,1,1.0,7.5e-06,7.5e-06,_common.py:107(from_package)
1,1,1.0,5.600000000000001e-06,5.600000000000001e-06,_abc.py:628(read_text)
1,1,1.0,9.4e-06,9.4e-06,fnmatch.py:1(<module>)
1,1,1.0,7.8e-06,7.8e-06,_local.py:329(parent)
3,3,1.0,2.8000000000000003e-06,9.333333333333334e-07,_local.py:505(__new__)
1,1,1.0,4.5e-06,4.5e-06,_compression.py:33(DecompressReader)
1,1,1.0,4.6e-06,4.6e-06,_compression.py:1(<module>)
1,1,1.0,7.000000000000001e-07,7.000000000000001e-07,abc.py:190(FileLoader)
1,1,1.0,5.000000000000001e-07,5.000000000000001e-07,_abc.py:48(UnsupportedOperation)
1,1,1.0,2.0000000000000003e-06,2.0000000000000003e-06,_local.py:166(__fspath__)
1,1,1.0,8.000000000000001e-07,8.000000000000001e-07,shutil.py:67(Error)
1,1,1.0,7.000000000000001e-07,7.000000000000001e-07,shutil.py:70(SameFileError)
1,1,1.0,5.000000000000001e-07,5.000000000000001e-07,shutil.py:73(SpecialFileError)
1,1,1.0,4.0000000000000003e-07,4.0000000000000003e-07,shutil.py:77(ExecError)
1,1,1.0,6.000000000000001e-07,6.000000000000001e-07,shutil.py:80(ReadError)
1,1,1.0,4.0000000000000003e-07,4.0000000000000003e-07,shutil.py:83(RegistryError)
1,1,1.0,5.000000000000001e-07,5.000000000000001e-07,shutil.py:87(_GiveupOnFastCopy)
1,1,1.0,5.000000000000001e-07,5.000000000000001e-07,abc.py:58(TraversalError)
2,2,1.0,3.4e-06,1.7e-06,_abc.py:130(with_segments)
1,1,1.0,1.2000000000000002e-06,1.2000000000000002e-06,_local.py:140(joinpath)
1,1,1.0,9.000000000000001e-07,9.000000000000001e-07,_local.py:462(PurePosixPath)
1,1,1.0,5.000000000000001e-07,5.000000000000001e-07,_local.py:472(PureWindowsPath)
1,1,1.0,4.0000000000000003e-07,4.0000000000000003e-07,plistlib.py:456(InvalidFileException)
88,88,1.0,6.54e-05,7.431818181818182e-07,<frozen posixpath>:61(isabs)
3,3,1.0,6e-06,2e-06,_local.py:498(__init__)
1,1,1.0,5.3e-06,5.3e-06,_local.py:539(read_text)
1,1,1.0,2.8000000000000003e-06,2.8000000000000003e-06,_local.py:252(_from_parsed_string)
1,1,1.0,1.2000000000000002e-06,1.2000000000000002e-06,_local.py:839(PosixPath)
1,1,1.0,9.000000000000001e-07,9.000000000000001e-07,_local.py:851(WindowsPath)
1,1,1.0,2.4000000000000003e-06,2.4000000000000003e-06,tempfile.py:476(_TemporaryFileWrapper)
1,1,1.0,4.4e-06,4.4e-06,random.py:880(SystemRandom)
1,1,1.0,8.000000000000001e-07,8.000000000000001e-07,__init__.py:802(_SharedFile)
1,1,1.0,1.2000000000000002e-06,1.2000000000000002e-06,plistlib.py:289(_DumbXMLWriter)
1,1,1.0,1.4000000000000001e-06,1.4000000000000001e-06,plistlib.py:327(_PlistWriter)
1,1,1.0,3.5000000000000004e-06,3.5000000000000004e-06,plistlib.py:464(_BinaryPlistParser)
1,1,1.0,1.4000000000000001e-06,1.4000000000000001e-06,plistlib.py:644(_BinaryPlistWriter)
1,1,1.0,2.7e-06,2.7e-06,__init__.py:2113(PyZipFile)
1,1,1.0,3.1000000000000004e-06,3.1000000000000004e-06,__init__.py:83(InitializedState)
2,2,1.0,1.2600000000000001e-05,6.300000000000001e-06,_local.py:289(drive)
2,2,1.0,4.0000000000000003e-07,2.0000000000000002e-07,_local.py:298(root)
2,2,1.0,5.000000000000001e-07,2.5000000000000004e-07,_local.py:307(_tail)
1,1,1.0,4.5e-06,4.5e-06,_tokenizer.py:90(Tokenizer)
1,1,1.0,8.3e-06,8.3e-06,glob.py:331(_Globber)
1,1,1.0,3.2000000000000003e-06,3.2000000000000003e-06,_local.py:227(__str__)
1,1,1.0,1.6100000000000002e-05,1.6100000000000002e-05,lzma.py:38(LZMAFile)
86,86,1.0,0.000109,1.2674418604651163e-06,utils.py:46(canonicalize_name)
1,1,1.0,7.8e-06,7.8e-06,__init__.py:1463(Logger)
1,1,1.0,9.7e-06,9.7e-06,__init__.py:1847(LoggerAdapter)
1,1,1.0,1.1e-06,1.1e-06,_local.py:30(_PathParents)
1,1,1.0,3.2000000000000003e-06,3.2000000000000003e-06,tempfile.py:132(_RandomNameSequence)
1,1,1.0,1.5e-06,1.5e-06,_compression.py:9(BaseStream)
1,1,1.0,3.7e-06,3.7e-06,random.py:119(__init__)
1,1,1.0,3.3600000000000004e-05,3.3600000000000004e-05,lzma.py:1(<module>)
1,1,1.0,3.2000000000000003e-06,3.2000000000000003e-06,__init__.py:865(ZipExtFile)
1,1,1.0,4.1000000000000006e-06,4.1000000000000006e-06,abc.py:153(TraversableResources)
1,1,1.0,5.9e-06,5.9e-06,__init__.py:101(CompleteDirs)
1,1,1.0,2.2e-06,2.2e-06,__init__.py:899(_addHandlerRef)
3,3,1.0,9.9e-06,3.3e-06,__init__.py:1478(__init__)
2,2,1.0,1.2000000000000002e-06,6.000000000000001e-07,__init__.py:287(_get_preferred_schemes)
1,1,1.0,4.4e-06,4.4e-06,_structures.py:6(InfinityType)
24,24,1.0,3.96e-05,1.65e-06,pkgutil.py:212(get_importer)
1,1,1.0,4.7e-06,4.7e-06,__init__.py:601(__init__)
178,178,1.0,0.0005907,3.3185393258426965e-06,version.py:523(_cmpkey)
1,1,1.0,9.3e-06,9.3e-06,request.py:287(Request)
1,1,1.0,7.9e-06,7.9e-06,bisect.py:1(<module>)
1,1,1.0,3.7e-06,3.7e-06,__init__.py:444(PercentStyle)
1,1,1.0,2.4000000000000003e-06,2.4000000000000003e-06,plistlib.py:77(UID)
1,1,1.0,8.000000000000001e-07,8.000000000000001e-07,__init__.py:678(LZMACompressor)
1,1,1.0,2.4000000000000003e-06,2.4000000000000003e-06,__init__.py:845(_Tellable)
1,1,1.0,8.000000000000001e-07,8.000000000000001e-07,__init__.py:176(FastLookup)
1,1,1.0,5.000000000000001e-07,5.000000000000001e-07,__init__.py:39(BadZipFile)
1,1,1.0,5.000000000000001e-07,5.000000000000001e-07,__init__.py:43(LargeZipFile)
1,1,1.0,7.000000000000001e-07,7.000000000000001e-07,markers.py:36(UndefinedComparison)
1,1,1.0,6.000000000000001e-07,6.000000000000001e-07,markers.py:30(InvalidMarker)
1,1,1.0,2.0000000000000002e-07,2.0000000000000002e-07,markers.py:42(UndefinedEnvironmentName)
1,1,1.0,6.000000000000001e-07,6.000000000000001e-07,requirements.py:15(InvalidRequirement)
1,1,1.0,8.000000000000001e-07,8.000000000000001e-07,specifiers.py:32(InvalidSpecifier)
1,1,1.0,1.5300000000000003e-05,1.5300000000000003e-05,expat.py:1(<module>)
1,1,1.0,1.8000000000000001e-06,1.8000000000000001e-06,markers.py:260(Marker)
1,1,1.0,1.6000000000000001e-06,1.6000000000000001e-06,_tokenizer.py:18(ParserSyntaxError)
1,1,1.0,1.9e-06,1.9e-06,__init__.py:958(createLock)
1,1,1.0,7.5e-06,7.5e-06,__init__.py:1111(StreamHandler)
1,1,1.0,3.5000000000000004e-06,3.5000000000000004e-06,__init__.py:1343(__init__)
1,1,1.0,7.000000000000001e-07,7.000000000000001e-07,__init__.py:701(LZMADecompressor)
1,1,1.0,1.0000000000000002e-06,1.0000000000000002e-06,_parser.py:29(Variable)
1,1,1.0,9.000000000000001e-07,9.000000000000001e-07,_parser.py:34(Value)
1,1,1.0,6.000000000000001e-07,6.000000000000001e-07,_parser.py:39(Op)
1,1,1.0,9.000000000000001e-07,9.000000000000001e-07,__init__.py:778(Filter)
1,1,1.0,7.000000000000001e-07,7.000000000000001e-07,traceback.py:94(_Sentinel)
1,1,1.0,8.000000000000001e-07,8.000000000000001e-07,__init__.py:1296(PlaceHolder)
1,1,1.0,8.000000000000001e-07,8.000000000000001e-07,__init__.py:1358(disable)
1,1,1.0,5.600000000000001e-06,5.600000000000001e-06,__init__.py:374(ZipInfo)
1,1,1.0,1.8000000000000001e-06,1.8000000000000001e-06,markers.py:49(Environment)
1,1,1.0,4.000000000000001e-06,4.000000000000001e-06,tags.py:42(Tag)
1,1,1.0,3.4e-06,3.4e-06,__init__.py:477(StrFormatStyle)
1,1,1.0,6.8e-06,6.8e-06,__init__.py:922(Handler)
178,178,1.0,2.4900000000000002e-05,1.398876404494382e-07,version.py:331(local)
1,1,1.0,7.4e-06,7.4e-06,__init__.py:204(Path)
1,1,1.0,1.8900000000000002e-05,1.8900000000000002e-05,message.py:1(<module>)
1,1,1.0,2.8000000000000003e-06,2.8000000000000003e-06,glob.py:7(Translator)
1,1,1.0,1.7e-06,1.7e-06,version.py:69(_BaseVersion)
1,1,1.0,2.8000000000000003e-06,2.8000000000000003e-06,_parser.py:15(Node)
1,1,1.0,1.4000000000000001e-06,1.4000000000000001e-06,_parser.py:50(ParsedRequirement)
1,1,1.0,1.3e-06,1.3e-06,__init__.py:451(__init__)
1,1,1.0,5.7000000000000005e-06,5.7000000000000005e-06,__init__.py:511(StringTemplateStyle)
1,1,1.0,3e-06,3e-06,__init__.py:1190(FileHandler)
3,3,1.0,6e-06,2e-06,__init__.py:186(_safe_realpath)
1,1,1.0,1.7e-06,1.7e-06,_elffile.py:41(ELFFile)
1,1,1.0,3.3e-06,3.3e-06,__init__.py:554(Formatter)
1,1,1.0,4.000000000000001e-06,4.000000000000001e-06,__init__.py:1338(Manager)
1,1,1.0,7.6e-06,7.6e-06,traceback.py:428(StackSummary)
180,180,1.0,3.49e-05,1.938888888888889e-07,version.py:309(post)
178,178,1.0,2.39e-05,1.3426966292134832e-07,version.py:320(dev)
1,1,1.0,1.0000000000000002e-06,1.0000000000000002e-06,_tokenizer.py:11(Token)
1,1,1.0,1.5e-06,1.5e-06,__init__.py:286(LogRecord)
1,1,1.0,1.1e-06,1.1e-06,__init__.py:736(BufferingFormatter)
1,1,1.0,1.0000000000000002e-06,1.0000000000000002e-06,__init__.py:815(Filterer)
1,1,1.0,1.1e-06,1.1e-06,__init__.py:1278(__init__)
1,1,1.0,1.3e-06,1.3e-06,__init__.py:1272(_StderrHandler)
1,1,1.0,1.3e-06,1.3e-06,__init__.py:1836(__init__)
1,1,1.0,1.1e-06,1.1e-06,__init__.py:2265(NullHandler)
1,1,1.0,7.000000000000001e-07,7.000000000000001e-07,utils.py:18(InvalidName)
1,1,1.0,5.000000000000001e-07,5.000000000000001e-07,utils.py:24(InvalidWheelFilename)
1,1,1.0,6.000000000000001e-07,6.000000000000001e-07,utils.py:30(InvalidSdistFilename)
4,4,1.0,2.9e-06,7.25e-07,__init__.py:820(__init__)
2,2,1.0,1.5e-06,7.5e-07,__init__.py:320(get_default_scheme)
2,2,1.0,1.3e-06,6.5e-07,__init__.py:1302(__init__)
1,1,1.0,6.000000000000001e-07,6.000000000000001e-07,version.py:59(InvalidVersion)
1,1,1.0,6.000000000000001e-07,6.000000000000001e-07,_elffile.py:19(ELFInvalid)
230,230,1.0,3.2500000000000004e-05,1.4130434782608698e-07,version.py:537(<lambda>)
1,1,1.0,2.0000000000000002e-07,2.0000000000000002e-07,__init__.py:257(_register_at_fork_reinit_lock)
5,5,1.0,2.8000000000000003e-06,5.6e-07,__init__.py:205(_checkLevel)
1,1,1.0,3.1000000000000004e-06,3.1000000000000004e-06,__init__.py:458(validate)
1,1,1.0,5.1e-06,5.1e-06,__init__.py:931(__init__)
2,2,1.0,1.1400000000000001e-05,5.7000000000000005e-06,__init__.py:2129(getLogger)
1,1,1.0,3.4e-06,3.4e-06,_colorize.py:13(ANSIColors)
1,1,1.0,4.6e-06,4.6e-06,traceback.py:997(TracebackException)
2,2,1.0,4.1000000000000006e-06,2.0500000000000003e-06,__init__.py:308(get_preferred_scheme)
1,1,1.0,8.000000000000001e-06,8.000000000000001e-06,__init__.py:258(WordSet)
1,1,1.0,2.6200000000000003e-05,2.6200000000000003e-05,_colorize.py:1(<module>)
1,1,1.0,6.6e-06,6.6e-06,__init__.py:220(is_python_build)
1,1,1.0,1.02e-05,1.02e-05,_elffile.py:1(<module>)
534,534,1.0,8.620000000000001e-05,1.6142322097378278e-07,version.py:471(_parse_letter_version)
1,1,1.0,8.1e-06,8.1e-06,client.py:252(HTTPResponse)
1,1,1.0,8.000000000000001e-07,8.000000000000001e-07,__init__.py:1830(RootLogger)
1,1,1.0,3.3e-06,3.3e-06,_elffile.py:23(EIClass)
1,1,1.0,1.9e-06,1.9e-06,_elffile.py:28(EIData)
1,1,1.0,2.7e-06,2.7e-06,_elffile.py:33(EMachine)
1,1,1.0,1.4000000000000001e-06,1.4000000000000001e-06,__init__.py:235(Splitter)
1,1,1.0,1.3e-06,1.3e-06,__init__.py:413(SeparatedValues)
1,1,1.0,3.4e-06,3.4e-06,traceback.py:276(FrameSummary)
1,1,1.0,6.300000000000001e-06,6.300000000000001e-06,message.py:983(MIMEPart)
1,1,1.0,1.04e-05,1.04e-05,request.py:1685(URLopener)
1,1,1.0,1.0000000000000002e-06,1.0000000000000002e-06,traceback.py:974(_ExceptionPrintContext)
1,1,1.0,7.000000000000001e-07,7.000000000000001e-07,_manylinux.py:80(_GLibCVersion)
1,1,1.0,8.000000000000001e-07,8.000000000000001e-07,_musllinux.py:18(_MuslVersion)
686,686,1.0,0.0002542,3.7055393586005833e-07,version.py:207(<genexpr>)
686,686,1.0,0.00017470000000000002,2.5466472303207e-07,version.py:247(<genexpr>)
178,178,1.0,3.0500000000000003e-05,1.713483146067416e-07,version.py:267(epoch)
178,178,1.0,2.9e-05,1.6292134831460675e-07,version.py:278(release)
178,178,1.0,2.47e-05,1.3876404494382024e-07,version.py:294(pre)
1,1,1.0,1.3e-06,1.3e-06,version.py:454(_TrimmedRelease)
1,1,1.0,7.4e-06,7.4e-06,_adapters.py:144(_reader)
1,1,1.0,1.2000000000000002e-06,1.2000000000000002e-06,version.py:38(_Version)
178,178,1.0,2.51e-05,1.410112359550562e-07,version.py:511(_parse_local_version)
1,1,1.0,1.4000000000000001e-06,1.4000000000000001e-06,requirements.py:21(Requirement)
1,1,1.0,2.7e-06,2.7e-06,__init__.py:79(method_cache)
1,1,1.0,6.000000000000001e-07,6.000000000000001e-07,__init__.py:160(_special_method_cache)
1,1,1.0,2.8000000000000003e-06,2.8000000000000003e-06,__init__.py:282(Throttler)
1,1,1.0,1.7e-06,1.7e-06,more.py:270(peekable)
1,1,1.0,1.3e-06,1.3e-06,more.py:2733(seekable)
1,1,1.0,2.2e-06,2.2e-06,_structures.py:1(<module>)
1,1,1.0,3.1000000000000004e-06,3.1000000000000004e-06,<string>:1(__create_fn__)
1,1,1.0,3.3e-06,3.3e-06,__init__.py:434(Stripper)
1,1,1.0,1.1e-06,1.1e-06,more.py:941(bucket)
1,1,1.0,9.000000000000001e-07,9.000000000000001e-07,context.py:99(compose_two)
1,1,1.0,3.5000000000000004e-06,3.5000000000000004e-06,context.py:79(_compose)
1,1,1.0,4.4e-06,4.4e-06,context.py:297(passes)
1,1,1.0,5.2e-06,5.2e-06,__init__.py:37(FoldedCase)
1,1,1.0,4.9000000000000005e-06,4.9000000000000005e-06,_structures.py:35(NegativeInfinityType)
1,1,1.0,7.000000000000001e-06,7.000000000000001e-06,more.py:2049(numeric_range)
14,14,1.0,2.64e-05,1.8857142857142858e-06,hashlib.py:126(__get_openssl_constructor)
1,1,1.0,4.0000000000000003e-07,4.0000000000000003e-07,__init__.py:310(first_invoke)
1,1,1.0,4.0000000000000003e-07,4.0000000000000003e-07,more.py:3661(AbortThread)
1,1,1.0,5.000000000000001e-07,5.000000000000001e-07,context.py:242(__init__)
1,1,1.0,5.000000000000001e-07,5.000000000000001e-07,context.py:319(suppress)
1,1,1.0,1.2400000000000002e-05,1.2400000000000002e-05,requirements.py:1(<module>)
1,1,1.0,2.1000000000000002e-06,2.1000000000000002e-06,selectors.py:281(SelectSelector)
1,1,1.0,6.200000000000001e-06,6.200000000000001e-06,error.py:1(<module>)
1,1,1.0,2.1000000000000002e-06,2.1000000000000002e-06,more.py:3665(callback_iter)
1,1,1.0,2.2e-06,2.2e-06,request.py:396(OpenerDirector)
1,1,1.0,9.000000000000001e-07,9.000000000000001e-07,request.py:594(HTTPErrorProcessor)
1,1,1.0,6.000000000000001e-07,6.000000000000001e-07,request.py:611(HTTPDefaultErrorHandler)
1,1,1.0,1.1e-06,1.1e-06,request.py:762(ProxyHandler)
1,1,1.0,8.200000000000001e-06,8.200000000000001e-06,request.py:869(HTTPPasswordMgrWithDefaultRealm)
1,1,1.0,1.0000000000000002e-06,1.0000000000000002e-06,request.py:1021(HTTPBasicAuthHandler)
1,1,1.0,7.000000000000001e-07,7.000000000000001e-07,request.py:1032(ProxyBasicAuthHandler)
1,1,1.0,8.000000000000001e-07,8.000000000000001e-07,request.py:1197(HTTPDigestAuthHandler)
1,1,1.0,8.000000000000001e-07,8.000000000000001e-07,request.py:1215(ProxyDigestAuthHandler)
1,1,1.0,6.000000000000001e-07,6.000000000000001e-07,request.py:1392(UnknownHandler)
1,1,1.0,2.6e-06,2.6e-06,request.py:1507(FTPHandler)
1,1,1.0,7.000000000000001e-07,7.000000000000001e-07,request.py:1617(DataHandler)
1,1,1.0,6.000000000000001e-07,6.000000000000001e-07,client.py:183(HTTPMessage)
1,1,1.0,9.000000000000001e-07,9.000000000000001e-07,client.py:1495(UnknownProtocol)
1,1,1.0,5.000000000000001e-07,5.000000000000001e-07,client.py:1532(BadStatusLine)
1,1,1.0,5.000000000000001e-07,5.000000000000001e-07,client.py:1539(LineTooLong)
1,1,1.0,6.000000000000001e-07,6.000000000000001e-07,client.py:1544(RemoteDisconnected)
1,1,1.0,3.5000000000000004e-06,3.5000000000000004e-06,_adapters.py:40(CompatibilityFiles)
1,1,1.0,2.4000000000000003e-06,2.4000000000000003e-06,ssl.py:159(TLSVersion)
1,1,1.0,9.000000000000001e-07,9.000000000000001e-07,more.py:2438(islice_extended)
1,1,1.0,2.5e-06,2.5e-06,more.py:2688(SequenceView)
1,1,1.0,3.7e-06,3.7e-06,more.py:2880(run_length)
1,1,1.0,7.000000000000001e-07,7.000000000000001e-07,more.py:3250(time_limited)
1,1,1.0,2.1000000000000002e-06,2.1000000000000002e-06,more.py:4171(countable)
1,1,1.0,1.1e-06,1.1e-06,recipes.py:336(UnequalIterablesError)
1,1,1.0,1.5e-06,1.5e-06,context.py:330(on_interrupt)
1,1,1.0,1.0000000000000002e-06,1.0000000000000002e-06,request.py:575(BaseHandler)
1,1,1.0,2.1000000000000002e-06,2.1000000000000002e-06,request.py:805(HTTPPasswordMgr)
1,1,1.0,1.6000000000000001e-06,1.6000000000000001e-06,request.py:1227(AbstractHTTPHandler)
1,1,1.0,1.2000000000000002e-06,1.2000000000000002e-06,request.py:1345(HTTPHandler)
1,1,1.0,1.4000000000000001e-06,1.4000000000000001e-06,request.py:1374(HTTPCookieProcessor)
1,1,1.0,1.6000000000000001e-06,1.6000000000000001e-06,request.py:1450(FileHandler)
1,1,1.0,1.7e-06,1.7e-06,request.py:1564(CacheFTPHandler)
1,1,1.0,4.6e-06,4.6e-06,context.py:206(ExceptionTrap)
1,1,1.0,3.8e-06,3.8e-06,request.py:910(AbstractBasicAuthHandler)
1,1,1.0,3.8e-06,3.8e-06,selectors.py:84(BaseSelector)
1,1,1.0,1.2800000000000001e-05,1.2800000000000001e-05,_encoded_words.py:1(<module>)
1,1,1.0,3.1000000000000004e-06,3.1000000000000004e-06,context.py:270(raises)
66,66,1.0,6.82e-05,1.0333333333333333e-06,__init__.py:26(__new__)
1,1,1.0,2.4000000000000003e-06,2.4000000000000003e-06,request.py:2395(ftpwrapper)
9,9,1.0,8.5e-06,9.444444444444444e-07,__init__.py:185(__new__)
1,1,1.0,2.0000000000000003e-06,2.0000000000000003e-06,request.py:615(HTTPRedirectHandler)
1,1,1.0,1.3e-06,1.3e-06,__init__.py:176(HTTPMethod)
1,1,1.0,1.8000000000000001e-06,1.8000000000000001e-06,request.py:879(HTTPPasswordMgrWithPriorAuth)
1,1,1.0,5.3e-06,5.3e-06,request.py:1051(AbstractDigestAuthHandler)
1,1,1.0,1.4000000000000001e-06,1.4000000000000001e-06,request.py:1354(HTTPSHandler)
1,1,1.0,1.04e-05,1.04e-05,client.py:1506(IncompleteRead)
1,1,1.0,5.1e-06,5.1e-06,iterators.py:1(<module>)
1,1,1.0,1.4000000000000001e-06,1.4000000000000001e-06,selectors.py:60(_SelectorMapping)
129,129,1.0,2.46e-05,1.9069767441860468e-07,ssl.py:125(<lambda>)
1,1,1.0,8.1e-06,8.1e-06,request.py:2135(FancyURLopener)
4,4,1.0,1.6000000000000001e-06,4.0000000000000003e-07,selectors.py:568(_can_use)
1,1,1.0,3.2000000000000003e-06,3.2000000000000003e-06,error.py:35(HTTPError)
2,2,1.0,1.6400000000000002e-05,8.200000000000001e-06,decoder.py:340(decode)
1,1,1.0,5.4e-06,5.4e-06,button_box.py:110(ButtonBox)
1,1,1.0,2.1700000000000002e-05,2.1700000000000002e-05,simpledialog.py:1(<module>)
1,1,1.0,1.9e-06,1.9e-06,client.py:1454(HTTPSConnection)
1,1,1.0,2.8000000000000003e-06,2.8000000000000003e-06,ssl.py:394(_ASN1Object)
1,1,1.0,3.7e-06,3.7e-06,tarfile.py:330(_Stream)
1,1,1.0,9.4e-06,9.4e-06,readers.py:23(__init__)
1,1,1.0,6.900000000000001e-06,6.900000000000001e-06,readers.py:137(NamespaceReader)
1,1,1.0,4.0000000000000003e-07,4.0000000000000003e-07,client.py:1484(HTTPException)
1,1,1.0,3.0000000000000004e-07,3.0000000000000004e-07,client.py:1489(NotConnected)
1,1,1.0,3.0000000000000004e-07,3.0000000000000004e-07,client.py:1492(InvalidURL)
1,1,1.0,3.0000000000000004e-07,3.0000000000000004e-07,client.py:1500(UnknownTransferEncoding)
1,1,1.0,3.0000000000000004e-07,3.0000000000000004e-07,client.py:1503(UnimplementedFileMode)
1,1,1.0,2.0000000000000002e-07,2.0000000000000002e-07,client.py:1520(ImproperConnectionState)
1,1,1.0,3.0000000000000004e-07,3.0000000000000004e-07,client.py:1523(CannotSendRequest)
1,1,1.0,3.0000000000000004e-07,3.0000000000000004e-07,client.py:1526(CannotSendHeader)
1,1,1.0,2.0000000000000002e-07,2.0000000000000002e-07,client.py:1529(ResponseNotReady)
1,1,1.0,6.000000000000001e-07,6.000000000000001e-07,socket.py:212(_GiveupOnSendfile)
1,1,1.0,7.000000000000001e-07,7.000000000000001e-07,nturl2path.py:1(<module>)
1,1,1.0,6.000000000000001e-07,6.000000000000001e-07,tarfile.py:269(TarError)
1,1,1.0,9.000000000000001e-07,9.000000000000001e-07,ssl.py:170(_TLSContentType)
4,4,1.0,6.300000000000001e-06,1.5750000000000002e-06,ssl.py:399(__new__)
1,1,1.0,1.6800000000000002e-05,1.6800000000000002e-05,client.py:819(HTTPConnection)
2,2,1.0,2.22e-05,1.11e-05,readers.py:1(<module>)
2,2,1.0,5.19e-05,2.595e-05,__init__.py:2505(destroy)
1,1,1.0,8.000000000000001e-07,8.000000000000001e-07,message.py:1206(EmailMessage)
129,129,1.0,1.9600000000000002e-05,1.5193798449612405e-07,ssl.py:130(<lambda>)
129,129,1.0,2.05e-05,1.5891472868217054e-07,ssl.py:135(<lambda>)
129,129,1.0,1.98e-05,1.5348837209302325e-07,ssl.py:140(<lambda>)
129,129,1.0,1.84e-05,1.4263565891472868e-07,ssl.py:145(<lambda>)
129,129,1.0,1.98e-05,1.5348837209302325e-07,ssl.py:150(<lambda>)
1,1,1.0,3.3e-06,3.3e-06,ssl.py:415(Purpose)
1,1,1.0,7.000000000000001e-07,7.000000000000001e-07,error.py:19(URLError)
1,1,1.0,5.000000000000001e-07,5.000000000000001e-07,error.py:70(ContentTooShortError)
1,1,1.0,7.000000000000001e-07,7.000000000000001e-07,tarfile.py:713(ExFileObject)
1,1,1.0,5.000000000000001e-07,5.000000000000001e-07,tarfile.py:729(AbsolutePathError)
1,1,1.0,4.0000000000000003e-07,4.0000000000000003e-07,tarfile.py:734(OutsideDestinationError)
1,1,1.0,5.000000000000001e-07,5.000000000000001e-07,tarfile.py:741(SpecialFileError)
1,1,1.0,7.000000000000001e-07,7.000000000000001e-07,tarfile.py:746(AbsoluteLinkError)
1,1,1.0,4.0000000000000003e-07,4.0000000000000003e-07,tarfile.py:751(LinkOutsideDestinationError)
1,1,1.0,4.0000000000000003e-07,4.0000000000000003e-07,tarfile.py:758(LinkFallbackError)
1,1,1.0,2.3e-06,2.3e-06,_encoded_words.py:73(_QByteMap)
1,1,1.0,3.5000000000000004e-06,3.5000000000000004e-06,socket.py:677(SocketIO)
1,1,1.0,1.5e-06,1.5e-06,ssl.py:227(_TLSMessageType)
1,1,1.0,1.4000000000000001e-06,1.4000000000000001e-06,selectors.py:330(_PollLikeSelector)
1,1,1.0,7.000000000000001e-06,7.000000000000001e-06,_adapters.py:1(<module>)
1,1,1.0,7.100000000000001e-06,7.100000000000001e-06,api.py:1(<module>)
225,225,1.0,6.050000000000001e-05,2.6888888888888893e-07,socket.py:79(<lambda>)
226,226,1.0,5.9600000000000005e-05,2.637168141592921e-07,socket.py:84(<lambda>)
227,227,1.0,5.84e-05,2.5726872246696037e-07,socket.py:89(<lambda>)
228,228,1.0,5.7100000000000006e-05,2.504385964912281e-07,socket.py:94(<lambda>)
1,1,1.0,2.9e-06,2.9e-06,selectors.py:210(_BaseSelectorImpl)
1,1,1.0,2.0000000000000003e-06,2.0000000000000003e-06,ssl.py:185(_TLSAlertType)
1,1,1.0,1.6000000000000001e-06,1.6000000000000001e-06,windows.py:252(_pick_get_win_folder)
1,1,1.0,2.2e-06,2.2e-06,encoder.py:105(__init__)
1,1,1.0,8.200000000000001e-06,8.200000000000001e-06,button_box.py:224(GUItk)
1,1,1.0,9e-06,9e-06,filedialog.py:33(FileDialog)
4,4,1.0,2.0700000000000002e-05,5.1750000000000004e-06,__init__.py:2384(wm_protocol)
1,1,1.0,4.4e-06,4.4e-06,__init__.py:4578(Spinbox)
23,23,1.0,3.2000000000000005e-05,1.3913043478260872e-06,__init__.py:128(_splitdict)
1,1,1.0,3.7e-06,3.7e-06,__init__.py:2678(Grid)
17,17,1.0,6.900000000000001e-06,4.058823529411765e-07,ssl.py:972(_sslcopydoc)
1,1,1.0,3e-06,3e-06,response.py:14(addbase)
1,1,1.0,2.9e-06,2.9e-06,_adapters.py:28(get_resource_reader)
1,1,1.0,2.0000000000000003e-06,2.0000000000000003e-06,_adapters.py:149(_native)
1,1,1.0,1.2000000000000002e-06,1.2000000000000002e-06,readers.py:38(ZipReader)
468,468,1.0,9.020000000000001e-05,1.9273504273504276e-07,auto.py:20(<genexpr>)
78,78,1.0,1.45e-05,1.858974358974359e-07,auto.py:34(<genexpr>)
2,2,1.0,2.12e-05,1.06e-05,__init__.py:274(load)
1,1,1.0,8.000000000000001e-07,8.000000000000001e-07,response.py:37(addclosehook)
1,1,1.0,6.000000000000001e-07,6.000000000000001e-07,response.py:57(addinfo)
1,1,1.0,8.000000000000001e-07,8.000000000000001e-07,tarfile.py:306(_LowLevelFile)
1,1,1.0,1.3e-06,1.3e-06,_adapters.py:12(__init__)
1,1,1.0,1.4000000000000001e-06,1.4000000000000001e-06,tarfile.py:575(_StreamProxy)
1,1,1.0,1.0000000000000002e-06,1.0000000000000002e-06,_adapters.py:7(SpecLoaderAdapter)
1,1,1.0,4.0000000000000003e-07,4.0000000000000003e-07,_adapters.py:16(__getattr__)
1,1,1.0,1.4000000000000001e-06,1.4000000000000001e-06,_adapters.py:163(wrap_spec)
4,4,1.0,3.0600000000000005e-05,7.650000000000001e-06,__init__.py:682(destroy)
1,1,1.0,2.8000000000000003e-06,2.8000000000000003e-06,__init__.py:3240(Entry)
1,1,1.0,4.1000000000000006e-06,4.1000000000000006e-06,response.py:1(<module>)
1,1,1.0,3.1000000000000004e-06,3.1000000000000004e-06,tarfile.py:605(_FileInFile)
1,1,1.0,4.5e-06,4.5e-06,readers.py:64(MultiplexedPath)
2,2,1.0,0.00036,0.00018,decoder.py:351(raw_decode)
1,1,1.0,4.9000000000000005e-06,4.9000000000000005e-06,__init__.py:371(Variable)
1,1,1.0,7.5e-06,7.5e-06,Image.py:3867(Exif)
1,1,1.0,9.7e-06,9.7e-06,text_box.py:1(<module>)
1,1,1.0,7.9e-06,7.9e-06,multi_fillable_box.py:1(<module>)
1,1,1.0,1.9e-06,1.9e-06,response.py:68(addinfourl)
1,1,1.0,4.0000000000000003e-07,4.0000000000000003e-07,tarfile.py:272(ExtractError)
1,1,1.0,3.0000000000000004e-07,3.0000000000000004e-07,tarfile.py:275(ReadError)
1,1,1.0,3.0000000000000004e-07,3.0000000000000004e-07,tarfile.py:278(CompressionError)
1,1,1.0,5.000000000000001e-07,5.000000000000001e-07,tarfile.py:281(StreamError)
1,1,1.0,3.0000000000000004e-07,3.0000000000000004e-07,tarfile.py:284(HeaderError)
1,1,1.0,2.0000000000000002e-07,2.0000000000000002e-07,tarfile.py:287(EmptyHeaderError)
1,1,1.0,4.0000000000000003e-07,4.0000000000000003e-07,tarfile.py:290(TruncatedHeaderError)
1,1,1.0,2.0000000000000002e-07,2.0000000000000002e-07,tarfile.py:293(EOFHeaderError)
1,1,1.0,3.0000000000000004e-07,3.0000000000000004e-07,tarfile.py:296(InvalidHeaderError)
1,1,1.0,2.0000000000000002e-07,2.0000000000000002e-07,tarfile.py:299(SubsequentHeaderError)
1,1,1.0,3.0000000000000004e-07,3.0000000000000004e-07,tarfile.py:726(FilterError)
1,1,1.0,2.0000000000000002e-07,2.0000000000000002e-07,_adapters.py:25(__init__)
1,1,1.0,1.0000000000000001e-07,1.0000000000000001e-07,_adapters.py:141(__init__)
1,1,1.0,5.000000000000001e-07,5.000000000000001e-07,_itertools.py:1(<module>)
1,1,1.0,3.9e-06,3.9e-06,_adapters.py:46(SpecPath)
1,1,1.0,1.6000000000000001e-06,1.6000000000000001e-06,_adapters.py:81(ChildPath)
1,1,1.0,1.2000000000000002e-06,1.2000000000000002e-06,_adapters.py:112(OrphanPath)
1,1,1.0,2.1000000000000002e-06,2.1000000000000002e-06,encoder.py:74(JSONEncoder)
1,1,1.0,1.29e-05,1.29e-05,windows.py:1(<module>)
1,1,1.0,9.100000000000001e-06,9.100000000000001e-06,scanner.py:1(<module>)
1,1,1.0,7.9e-06,7.9e-06,_binary.py:1(<module>)
1,1,1.0,1.22e-05,1.22e-05,fillable_box.py:1(<module>)
1,1,1.0,7.000000000000001e-07,7.000000000000001e-07,_adapters.py:20(TraversableResourcesLoader)
1,1,1.0,1.0000000000000001e-07,1.0000000000000001e-07,readers.py:34(files)
1,1,1.0,1.2000000000000002e-06,1.2000000000000002e-06,readers.py:22(FileReader)
1,1,1.0,1.2000000000000002e-06,1.2000000000000002e-06,auto.py:2(Auto)
1,1,1.0,3e-06,3e-06,auto.py:1(<module>)
1,1,1.0,8.000000000000001e-07,8.000000000000001e-07,decoder.py:20(JSONDecodeError)
1,1,1.0,1.1e-06,1.1e-06,__init__.py:151(_VersionInfoType)
1,1,1.0,9.000000000000001e-07,9.000000000000001e-07,__init__.py:217(Event)
17,17,1.0,5.3e-06,3.1176470588235295e-07,auto.py:3(__init__)
1,1,1.0,1.3e-06,1.3e-06,global_state.py:1(<module>)
1,1,1.0,4.5e-06,4.5e-06,commondialog.py:1(<module>)
1,1,1.0,1.9e-06,1.9e-06,decoder.py:262(JSONDecoder)
1,1,1.0,2.9e-06,2.9e-06,__init__.py:2627(Place)
1,1,1.0,9.000000000000001e-07,9.000000000000001e-07,__init__.py:77(UnidentifiedImageError)
1,1,1.0,2.0000000000000002e-07,2.0000000000000002e-07,__init__.py:2798(Widget)
1,1,1.0,7.000000000000001e-07,7.000000000000001e-07,Image.py:77(DecompressionBombWarning)
1,1,1.0,4.0000000000000003e-07,4.0000000000000003e-07,Image.py:81(DecompressionBombError)
2,2,1.0,5.500000000000001e-06,2.7500000000000004e-06,__init__.py:2586(pack_configure)
1,1,1.0,3.2000000000000003e-06,3.2000000000000003e-06,__init__.py:4295(PhotoImage)
1,1,1.0,5.1e-06,5.1e-06,diropen_box.py:1(<module>)
1,1,1.0,5.7000000000000005e-06,5.7000000000000005e-06,fileopen_box.py:1(<module>)
1,1,1.0,4.7e-06,4.7e-06,constants.py:1(<module>)
10,10,1.0,9.3e-06,9.300000000000001e-07,__init__.py:58(_join)
70,70,1.0,0.00018470000000000002,2.638571428571429e-06,__init__.py:1465(update)
1,1,1.0,9.000000000000001e-07,9.000000000000001e-07,__init__.py:2733(BaseWidget)
1,1,1.0,8.000000000000001e-07,8.000000000000001e-07,__init__.py:3630(Radiobutton)
1,1,1.0,3.2000000000000003e-06,3.2000000000000003e-06,__init__.py:3663(Scale)
1,1,1.0,1.6000000000000001e-06,1.6000000000000001e-06,commondialog.py:16(Dialog)
1,1,1.0,4.4e-06,4.4e-06,__init__.py:174(EventType)
2,2,1.0,1.15e-05,5.75e-06,__init__.py:2069(__call__)
1,1,1.0,4.800000000000001e-06,4.800000000000001e-06,font.py:26(Font)
1,1,1.0,4.2000000000000004e-06,4.2000000000000004e-06,__init__.py:3370(Listbox)
1,1,1.0,3.7e-06,3.7e-06,dialog.py:1(<module>)
2,2,1.0,1.6000000000000001e-06,8.000000000000001e-07,__init__.py:2236(wm_geometry)
1,1,1.0,7.000000000000001e-07,7.000000000000001e-07,__init__.py:551(StringVar)
1,1,1.0,5.000000000000001e-07,5.000000000000001e-07,__init__.py:575(IntVar)
1,1,1.0,6.000000000000001e-07,6.000000000000001e-07,__init__.py:600(DoubleVar)
1,1,1.0,7.000000000000001e-07,7.000000000000001e-07,__init__.py:621(BooleanVar)
1,1,1.0,2.2e-06,2.2e-06,__init__.py:2081(XView)
1,1,1.0,7.000000000000001e-07,7.000000000000001e-07,__init__.py:2102(YView)
1,1,1.0,7.000000000000001e-07,7.000000000000001e-07,__init__.py:2836(Button)
1,1,1.0,6.000000000000001e-07,6.000000000000001e-07,__init__.py:4194(OptionMenu)
4,4,1.0,3.3e-06,8.25e-07,__init__.py:2063(__init__)
1,1,1.0,6.000000000000001e-07,6.000000000000001e-07,__init__.py:2059(CallWrapper)
1,1,1.0,5.000000000000001e-07,5.000000000000001e-07,__init__.py:2806(Toplevel)
1,1,1.0,4.0000000000000003e-07,4.0000000000000003e-07,__init__.py:3326(Frame)
1,1,1.0,4.0000000000000003e-07,4.0000000000000003e-07,__init__.py:3346(Label)
1,1,1.0,5.000000000000001e-07,5.000000000000001e-07,__init__.py:3616(Menubutton)
1,1,1.0,6.000000000000001e-07,6.000000000000001e-07,__init__.py:3623(Message)
1,1,1.0,6.000000000000001e-07,6.000000000000001e-07,__init__.py:4180(_setit)
1,1,1.0,5.000000000000001e-07,5.000000000000001e-07,__init__.py:4558(BitmapImage)
1,1,1.0,2.0000000000000003e-06,2.0000000000000003e-06,__init__.py:4756(LabelFrame)
1,1,1.0,2.3e-06,2.3e-06,__init__.py:2581(Pack)
2,2,1.0,3.4e-06,1.7e-06,__init__.py:2419(wm_title)
1,1,1.0,1.7e-06,1.7e-06,__init__.py:2440(Tk)
1,1,1.0,1.5e-06,1.5e-06,__init__.py:3191(Checkbutton)
1,1,1.0,5.7000000000000005e-06,5.7000000000000005e-06,__init__.py:3483(Menu)
1,1,1.0,2.1000000000000002e-05,2.1000000000000002e-05,derived_boxes.py:1(<module>)
1,1,1.0,5.600000000000001e-06,5.600000000000001e-06,ttk.py:1160(Treeview)
1,1,1.0,4.1000000000000006e-06,4.1000000000000006e-06,__init__.py:4780(PanedWindow)
1,1,1.0,2.5e-06,2.5e-06,__init__.py:3702(Scrollbar)
1,1,1.0,3e-06,3e-06,__init__.py:4233(Image)
1,1,1.0,2.7e-06,2.7e-06,Image.py:474(ImagePointTransform)
1,1,1.0,5e-06,5e-06,ExifTags.py:361(LightSource)
1,1,1.0,1.55e-05,1.55e-05,ImageMode.py:1(<module>)
1,1,1.0,1.3e-06,1.3e-06,ImageFile.py:644(PyCodec)
1,1,1.0,5.7000000000000005e-06,5.7000000000000005e-06,egstore.py:1(<module>)
1,1,1.0,1.4000000000000001e-06,1.4000000000000001e-06,TiffTags.py:32(TagInfo)
1,1,1.0,3.2000000000000003e-06,3.2000000000000003e-06,ImageTk.py:72(PhotoImage)
1,1,1.0,3.7e-06,3.7e-06,about.py:1(<module>)
1,1,1.0,1.8000000000000001e-06,1.8000000000000001e-06,simpledialog.py:270(_QueryDialog)
1,1,1.0,4.3e-06,4.3e-06,Image.py:145(Transpose)
1,1,1.0,2.7e-06,2.7e-06,Image.py:165(Resampling)
1,1,1.0,2.6e-06,2.6e-06,ExifTags.py:352(IFD)
1,1,1.0,1.0000000000000002e-06,1.0000000000000002e-06,Image.py:3243(SupportsArrayInterface)
147,147,1.0,5.8200000000000005e-05,3.959183673469388e-07,TiffTags.py:35(__new__)
1,1,1.0,1.2000000000000002e-06,1.2000000000000002e-06,ImageFile.py:368(StubImageFile)
1,1,1.0,9.000000000000001e-07,9.000000000000001e-07,filedialog.py:233(LoadFileDialog)
1,1,1.0,6.000000000000001e-07,6.000000000000001e-07,filedialog.py:247(SaveFileDialog)
1,1,1.0,7.000000000000001e-07,7.000000000000001e-07,filedialog.py:304(_Dialog)
1,1,1.0,6.000000000000001e-07,6.000000000000001e-07,filedialog.py:332(Open)
1,1,1.0,5.000000000000001e-07,5.000000000000001e-07,filedialog.py:352(SaveAs)
1,1,1.0,8.000000000000001e-07,8.000000000000001e-07,filedialog.py:359(Directory)
1,1,1.0,1.1e-06,1.1e-06,dialog.py:10(Dialog)
1,1,1.0,7.000000000000001e-07,7.000000000000001e-07,simpledialog.py:337(_QueryInteger)
1,1,1.0,6.000000000000001e-07,6.000000000000001e-07,simpledialog.py:359(_QueryFloat)
1,1,1.0,8.000000000000001e-07,8.000000000000001e-07,simpledialog.py:381(_QueryString)
1,1,1.0,8.000000000000001e-07,8.000000000000001e-07,messagebox.py:61(Message)
1,1,1.0,2.7e-06,2.7e-06,Image.py:156(Transform)
1,1,1.0,2.0000000000000003e-06,2.0000000000000003e-06,Image.py:184(Dither)
1,1,1.0,1.7e-06,1.7e-06,Image.py:192(Palette)
1,1,1.0,2.4000000000000003e-06,2.4000000000000003e-06,Image.py:197(Quantize)
1,1,1.0,5.000000000000001e-07,5.000000000000001e-07,Image.py:527(SupportsGetData)
1,1,1.0,2.5e-06,2.5e-06,ExifTags.py:344(Interop)
1,1,1.0,4.000000000000001e-06,4.000000000000001e-06,simpledialog.py:89(Dialog)
1,1,1.0,2.0000000000000003e-06,2.0000000000000003e-06,ImageMode.py:24(ModeDescriptor)
1,1,1.0,1.1e-06,1.1e-06,Image.py:3035(ImageTransformHandler)
1,1,1.0,1.7e-06,1.7e-06,simpledialog.py:31(SimpleDialog)
1,1,1.0,1.2000000000000002e-06,1.2000000000000002e-06,TiffTags.py:24(_TagInfo)
1,1,1.0,2.1000000000000002e-06,2.1000000000000002e-06,Image.py:3024(ImagePointHandler)
1,1,1.0,3e-06,3e-06,_util.py:13(DeferredError)
1,1,1.0,1.4000000000000001e-06,1.4000000000000001e-06,ImageFile.py:98(_Tile)
1,1,1.0,1.5e-06,1.5e-06,ImageFile.py:359(StubHandler)
1,1,1.0,3.9e-06,3.9e-06,fileboxsetup.py:105(FileTypeObject)
1,1,1.0,4.4e-06,4.4e-06,choice_box.py:190(GUItk)
2,2,1.0,2.5e-06,1.25e-06,ttk.py:1200(get_children)
1,1,1.0,1.25e-05,1.25e-05,ImageTk.py:1(<module>)
1,1,1.0,8.6e-06,8.6e-06,ExifTags.py:305(GPS)
1,1,1.0,2.3e-06,2.3e-06,ImageFile.py:110(ImageFile)
1,1,1.0,3.9e-06,3.9e-06,text_box.py:312(GUItk)
1,1,1.0,5.500000000000001e-06,5.500000000000001e-06,fileboxsetup.py:1(<module>)
1,1,1.0,3.6000000000000003e-06,3.6000000000000003e-06,multi_fillable_box.py:142(MultiBox)
1,1,1.0,4.3e-06,4.3e-06,multi_fillable_box.py:253(GUItk)
1,1,1.0,5.2e-06,5.2e-06,choice_box.py:116(ChoiceBox)
1,1,1.0,4.9000000000000005e-06,4.9000000000000005e-06,ImageFile.py:398(Parser)
6,6,1.0,1.3500000000000001e-05,2.25e-06,display_timetable.py:26(format_seconds_to_time)
26,26,1.0,1.62e-05,6.230769230769231e-07,ttk.py:32(_format_optvalue)
23,23,1.0,4.43e-05,1.926086956521739e-06,ttk.py:279(_val_or_dict)
1,1,1.0,2.2e-06,2.2e-06,ttk.py:346(Style)
1,1,1.0,1.0700000000000001e-05,1.0700000000000001e-05,freetype.py:1(<module>)
1,1,1.0,6.300000000000001e-06,6.300000000000001e-06,_deprecate.py:1(<module>)
1,1,1.0,8.000000000000001e-07,8.000000000000001e-07,_typing.py:46(SupportsRead)
1,1,1.0,9.000000000000001e-07,9.000000000000001e-07,ImageFile.py:633(PyCodecState)
1,1,1.0,8.000000000000001e-07,8.000000000000001e-07,text_box.py:60(Demo2)
1,1,1.0,7.000000000000001e-07,7.000000000000001e-07,text_box.py:106(Demo3)
1,1,1.0,1.5e-06,1.5e-06,base_boxes.py:1(<module>)
1,1,1.0,6.000000000000001e-07,6.000000000000001e-07,multi_fillable_box.py:463(Demo2)
1,1,1.0,5.000000000000001e-07,5.000000000000001e-07,egstore.py:143(Settings)
1,1,1.0,8.900000000000001e-06,8.900000000000001e-06,_util.py:1(<module>)
1,1,1.0,1.1e-06,1.1e-06,ImageTk.py:194(BitmapImage)
1,1,1.0,1.5e-06,1.5e-06,ImageFile.py:722(PyDecoder)
1,1,1.0,1.2000000000000002e-06,1.2000000000000002e-06,ImageFile.py:776(PyEncoder)
1,1,1.0,7.3e-06,7.3e-06,text_box.py:197(TextBox)
1,1,1.0,5.600000000000001e-06,5.600000000000001e-06,filesave_box.py:1(<module>)
1,1,1.0,1.8000000000000001e-06,1.8000000000000001e-06,demo.py:51(Demos)
1,1,1.0,1.3e-06,1.3e-06,display_timetable.py:3(Timetable)
1,1,1.0,3.5000000000000004e-06,3.5000000000000004e-06,display_timetable.py:1(<module>)
4,4,1.0,8.000000000000001e-07,2.0000000000000002e-07,ttk.py:334(setup_master)
1,1,1.0,8.000000000000001e-07,8.000000000000001e-07,ttk.py:626(Entry)
1,1,1.0,7.000000000000001e-07,7.000000000000001e-07,ttk.py:668(Combobox)
1,1,1.0,7.000000000000001e-07,7.000000000000001e-07,ttk.py:1044(Scale)
2,2,1.0,5.2e-06,2.6e-06,ttk.py:1167(__init__)
26,26,1.0,5.27e-05,2.026923076923077e-06,ttk.py:42(_format_optdict)
3,3,1.0,4.2000000000000004e-06,1.4000000000000001e-06,ttk.py:1331(insert)
4,4,1.0,7.3e-06,1.825e-06,ttk.py:357(configure)
1,1,1.0,2.5e-06,2.5e-06,ttk.py:1488(LabeledScale)
8,8,1.0,7.8e-06,9.75e-07,ttk.py:1255(heading)
1,1,1.0,1.6000000000000001e-06,1.6000000000000001e-06,egstore.py:19(EgStore)
2,2,1.0,2.01e-05,1.005e-05,display_timetable.py:21(on_close)
2,2,1.0,1.1200000000000001e-05,5.600000000000001e-06,ttk.py:513(__init__)
8,8,1.0,3.7e-06,4.625e-07,ttk.py:1217(column)
2,2,1.0,1.2000000000000002e-06,6.000000000000001e-07,ttk.py:1228(delete)
3,3,1.0,2.7e-06,9e-07,ttk.py:1354(item)
1,1,1.0,6.000000000000001e-07,6.000000000000001e-07,ttk.py:573(Button)
1,1,1.0,5.000000000000001e-07,5.000000000000001e-07,ttk.py:597(Checkbutton)
1,1,1.0,4.0000000000000003e-07,4.0000000000000003e-07,ttk.py:705(Frame)
1,1,1.0,4.0000000000000003e-07,4.0000000000000003e-07,ttk.py:723(Label)
1,1,1.0,3.0000000000000004e-07,3.0000000000000004e-07,ttk.py:742(Labelframe)
1,1,1.0,5.000000000000001e-07,5.000000000000001e-07,ttk.py:763(Menubutton)
1,1,1.0,6.000000000000001e-07,6.000000000000001e-07,ttk.py:1016(Radiobutton)
1,1,1.0,4.0000000000000003e-07,4.0000000000000003e-07,ttk.py:1084(Scrollbar)
1,1,1.0,5.000000000000001e-07,5.000000000000001e-07,ttk.py:1101(Separator)
1,1,1.0,2.1000000000000002e-06,2.1000000000000002e-06,ttk.py:1119(Sizegrip)
1,1,1.0,6.000000000000001e-07,6.000000000000001e-07,ttk.py:1133(Spinbox)
2,2,1.0,3.1000000000000004e-06,1.5500000000000002e-06,ttk.py:351(__init__)
1,1,1.0,2.7e-06,2.7e-06,ttk.py:782(Notebook)
1,1,1.0,2.6e-06,2.6e-06,ttk.py:915(Panedwindow)
1,1,1.0,3.2000000000000003e-06,3.2000000000000003e-06,ttk.py:510(Widget)
1,1,1.0,8.000000000000001e-07,8.000000000000001e-07,ttk.py:974(Progressbar)
1,1,1.0,7.000000000000001e-07,7.000000000000001e-07,ttk.py:1584(OptionMenu)
72,72,1.0,4.3400000000000005e-05,6.027777777777779e-07,~:0(<method 'copy' of 'numpy.ndarray' objects>)
1,1,1.0,2.3500000000000002e-05,2.3500000000000002e-05,~:0(<method 'dot' of 'numpy.ndarray' objects>)
1,1,1.0,7.000000000000001e-07,7.000000000000001e-07,~:0(<built-in method numpy._core._multiarray_umath.set_typeDict>)
78,78,1.0,5.16e-05,6.615384615384615e-07,~:0(<built-in method numpy.array>)
1,1,1.0,1.1900000000000001e-05,1.1900000000000001e-05,~:0(<built-in method numpy.empty>)
336,336,1.0,9.860000000000001e-05,2.93452380952381e-07,~:0(<built-in method numpy._core._multiarray_umath.add_docstring>)
2,2,1.0,6.4000000000000006e-06,3.2000000000000003e-06,~:0(<built-in method numpy._core._multiarray_umath._make_extobj>)
1,1,1.0,5.000000000000001e-07,5.000000000000001e-07,~:0(<built-in method numpy._core._multiarray_umath._set_madvise_hugepage>)
1,1,1.0,4.5e-06,4.5e-06,~:0(<built-in method numpy._core._multiarray_umath._reload_guard>)
1887,2267,1.201377848436672,0.0021416,1.1349231584525702e-06,~:0(<built-in method __new__ of type object at 0x00007FFC8F6F98A0>)
1,1,1.0,3.0000000000000004e-07,3.0000000000000004e-07,~:0(<built-in method _abc.get_cache_token>)
59,59,1.0,0.000302,5.11864406779661e-06,~:0(<built-in method _abc._abc_init>)
34,34,1.0,2.6600000000000003e-05,7.823529411764706e-07,~:0(<built-in method _abc._abc_register>)
34,43,1.2647058823529411,6.15e-05,1.8088235294117648e-06,~:0(<built-in method _abc._abc_subclasscheck>)
15,15,1.0,0.0002905,1.936666666666667e-05,~:0(<built-in method _codecs.utf_8_decode>)
2,2,1.0,6.500000000000001e-05,3.2500000000000004e-05,~:0(<built-in method _codecs.charmap_decode>)
949,949,1.0,0.0001929,2.0326659641728134e-07,~:0(<method 'append' of 'collections.deque' objects>)
6,6,1.0,1.5e-05,2.5e-06,~:0(<method 'copy' of 'collections.deque' objects>)
538,538,1.0,7.390000000000001e-05,1.3736059479553905e-07,~:0(<method 'pop' of 'collections.deque' objects>)
2,2,1.0,1.7e-06,8.5e-07,~:0(<method 'popleft' of 'collections.deque' objects>)
2,2,1.0,1.1e-06,5.5e-07,~:0(<method 'remove' of 'collections.deque' objects>)
1,1,1.0,1.6000000000000001e-06,1.6000000000000001e-06,~:0(<built-in method _functools.reduce>)
1,1,1.0,0.0011651,0.0011651,~:0(<built-in method _pickle.dump>)
1,1,1.0,1.6800000000000002e-05,1.6800000000000002e-05,~:0(<function Random.seed at 0x00000181344FBBA0>)
300,300,1.0,0.00039640000000000004,1.3213333333333336e-06,~:0(<method 'match' of 're.Pattern' objects>)
235,235,1.0,0.0006362000000000001,2.707234042553192e-06,~:0(<method 'search' of 're.Pattern' objects>)
264,264,1.0,0.00036940000000000003,1.3992424242424245e-06,~:0(<method 'sub' of 're.Pattern' objects>)
1976,1976,1.0,0.0005115,2.5885627530364375e-07,~:0(<method 'group' of 're.Match' objects>)
4,4,1.0,1.5e-06,3.75e-07,~:0(<method 'end' of 're.Match' objects>)
66,66,1.0,7.75e-05,1.1742424242424243e-06,~:0(<built-in method _sre.compile>)
4,4,1.0,9.000000000000001e-07,2.2500000000000002e-07,~:0(<built-in method _sre.ascii_iscased>)
629,629,1.0,7.350000000000001e-05,1.1685214626391099e-07,~:0(<built-in method _sre.unicode_iscased>)
4,4,1.0,5.000000000000001e-07,1.2500000000000002e-07,~:0(<built-in method _sre.ascii_tolower>)
518,518,1.0,5.4300000000000005e-05,1.0482625482625484e-07,~:0(<built-in method _sre.unicode_tolower>)
24,24,1.0,1.8e-05,7.5e-07,~:0(<built-in method _struct.calcsize>)
693,693,1.0,0.00020140000000000002,2.906204906204906e-07,~:0(<built-in method _weakref._remove_dead_weakref>)
2,2,1.0,1.5e-06,7.5e-07,~:0(<built-in method atexit.register>)
1,1,1.0,2.9e-06,2.9e-06,~:0(<built-in method now>)
1,1,1.0,4.05e-05,4.05e-05,~:0(<method 'strftime' of 'datetime.date' objects>)
1,1,1.0,1.0000000000000002e-06,1.0000000000000002e-06,~:0(<built-in method math.exp>)
2,2,1.0,1.2000000000000002e-06,6.000000000000001e-07,~:0(<built-in method math.log>)
1,1,1.0,7.4e-06,7.4e-06,~:0(<built-in method math.sqrt>)
1397,1397,1.0,0.09519910000000001,6.814538296349321e-05,~:0(<built-in method nt.stat>)
100,100,1.0,0.0001608,1.608e-06,~:0(<built-in method nt.getcwd>)
234,234,1.0,0.0415953,0.0001777576923076923,~:0(<built-in method nt.listdir>)
3,3,1.0,0.0001855,6.183333333333334e-05,~:0(<built-in method nt.readlink>)
3,3,1.0,5e-05,1.6666666666666667e-05,~:0(<built-in method nt.putenv>)
2,2,1.0,2.7600000000000003e-05,1.3800000000000002e-05,~:0(<built-in method nt.unsetenv>)
1,1,1.0,2.5e-06,2.5e-06,~:0(<built-in method nt._getfullpathname>)
42,42,1.0,0.0046312,0.00011026666666666667,~:0(<built-in method nt._getfinalpathname>)
1,1,1.0,6.950000000000001e-05,6.950000000000001e-05,~:0(<built-in method nt._findfirstfile>)
324,324,1.0,0.00048350000000000004,1.492283950617284e-06,~:0(<built-in method nt._path_splitroot>)
5564,5564,1.0,0.0026086,4.688353702372394e-07,~:0(<built-in method nt._path_splitroot_ex>)
35,35,1.0,3.21e-05,9.171428571428572e-07,~:0(<built-in method nt._path_normpath>)
4246,4246,1.0,0.0005495000000000001,1.294159208666981e-07,~:0(<built-in method nt.fspath>)
2,2,1.0,0.0001262,6.31e-05,~:0(<built-in method nt._add_dll_directory>)
357,357,1.0,0.0244516,6.849187675070028e-05,~:0(<built-in method nt._path_isdir>)
10,10,1.0,0.0002876,2.876e-05,~:0(<built-in method nt._path_isfile>)
88,88,1.0,0.0032988,3.7486363636363635e-05,~:0(<built-in method nt._path_exists>)
9,11,1.2222222222222223,4.3100000000000004e-05,4.7888888888888894e-06,~:0(<method 'acquire' of '_thread.lock' objects>)
4,4,1.0,1.3300000000000001e-05,3.3250000000000004e-06,~:0(<method 'release' of '_thread.lock' objects>)
5,5,1.0,3e-06,6e-07,~:0(<method '__enter__' of '_thread.lock' objects>)
5,5,1.0,1.3e-06,2.6e-07,~:0(<method '__exit__' of '_thread.lock' objects>)
1396,1396,1.0,0.0003215,2.3030085959885387e-07,~:0(<method '__exit__' of '_thread.RLock' objects>)
2,2,1.0,0.00022830000000000002,0.00011415000000000001,~:0(<built-in method _thread.start_joinable_thread>)
326,326,1.0,0.0001,3.067484662576687e-07,~:0(<built-in method _thread.allocate_lock>)
1410,1410,1.0,0.00024460000000000004,1.7347517730496457e-07,~:0(<built-in method _thread.get_ident>)
3,3,1.0,1.4000000000000001e-06,4.666666666666667e-07,~:0(<built-in method _thread.get_native_id>)
1,1,1.0,5.2e-06,5.2e-06,~:0(<built-in method _thread._make_thread_handle>)
1,1,1.0,2.0000000000000002e-07,2.0000000000000002e-07,~:0(<built-in method _thread._get_main_thread_ident>)
341,341,1.0,0.0006940000000000001,2.035190615835777e-06,~:0(<built-in method time.time>)
1,1,1.0,6.900000000000001e-06,6.900000000000001e-06,~:0(<built-in method time.time_ns>)
342,342,1.0,0.0248711,7.272251461988304e-05,~:0(<method 'read' of '_io.BufferedReader' objects>)
1,1,1.0,0.0002789,0.0002789,~:0(<method 'readline' of '_io.BufferedReader' objects>)
1,1,1.0,7.000000000000001e-07,7.000000000000001e-07,~:0(<method 'seek' of '_io.BufferedReader' objects>)
359,359,1.0,0.0051982,1.447966573816156e-05,~:0(<method '__exit__' of '_io._IOBase' objects>)
720,720,1.0,0.0547175,7.599652777777778e-05,~:0(<method 'readlines' of '_io._IOBase' objects>)
1,1,1.0,0.0001017,0.0001017,~:0(<method 'write' of '_io.TextIOWrapper' objects>)
15,15,1.0,0.0022156000000000003,0.0001477066666666667,~:0(<method 'read' of '_io.TextIOWrapper' objects>)
18,18,1.0,0.0043048,0.00023915555555555556,~:0(<built-in method _io.open>)
2,2,1.0,3.0000000000000004e-07,1.5000000000000002e-07,~:0(<built-in method _io.text_encoding>)
342,342,1.0,0.0265752,7.770526315789474e-05,~:0(<built-in method _io.open_code>)
39,39,1.0,6.96e-05,1.7846153846153846e-06,~:0(<built-in method _winapi.LCMapStringEx>)
934,934,1.0,0.00017230000000000001,1.8447537473233407e-07,~:0(<method 'find' of 'bytearray' objects>)
43,43,1.0,2.8800000000000002e-05,6.697674418604652e-07,~:0(<method 'translate' of 'bytearray' objects>)
1,1,1.0,4.0000000000000003e-07,4.0000000000000003e-07,~:0(<method 'decode' of 'bytes' objects>)
4,4,1.0,6.8e-06,1.7e-06,~:0(<built-in method maketrans>)
1,1,1.0,8.000000000000001e-07,8.000000000000001e-07,~:0(<method 'startswith' of 'bytes' objects>)
42,42,1.0,1.91e-05,4.5476190476190476e-07,~:0(<method 'setter' of 'property' objects>)
7,7,1.0,2.2e-06,3.142857142857143e-07,~:0(<method 'deleter' of 'property' objects>)
2744,2744,1.0,0.0004489,1.635932944606414e-07,~:0(<method 'get' of 'mappingproxy' objects>)
3,3,1.0,2.3e-06,7.666666666666667e-07,~:0(<method 'values' of 'mappingproxy' objects>)
22,22,1.0,6e-06,2.7272727272727274e-07,~:0(<method 'items' of 'mappingproxy' objects>)
27813,27813,1.0,0.0058732,2.1116743968647757e-07,~:0(<method 'get' of 'dict' objects>)
1060,1060,1.0,0.00027160000000000004,2.5622641509433965e-07,~:0(<method 'setdefault' of 'dict' objects>)
420,420,1.0,0.00017600000000000002,4.190476190476191e-07,~:0(<method 'pop' of 'dict' objects>)
8,8,1.0,4.6e-06,5.75e-07,~:0(<method 'popitem' of 'dict' objects>)
4,4,1.0,1.0000000000000002e-06,2.5000000000000004e-07,~:0(<method 'keys' of 'dict' objects>)
257,257,1.0,7.340000000000001e-05,2.8560311284046694e-07,~:0(<method 'items' of 'dict' objects>)
8,8,1.0,3.1000000000000004e-06,3.8750000000000005e-07,~:0(<method 'values' of 'dict' objects>)
364,364,1.0,0.0002176,5.978021978021978e-07,~:0(<method 'update' of 'dict' objects>)
361,361,1.0,0.0003555,9.847645429362882e-07,~:0(<built-in method fromkeys>)
3,3,1.0,8.000000000000001e-07,2.6666666666666667e-07,~:0(<method 'clear' of 'dict' objects>)
1,1,1.0,6.000000000000001e-07,6.000000000000001e-07,~:0(<method 'copy' of 'dict' objects>)
2,2,1.0,6.000000000000001e-07,3.0000000000000004e-07,~:0(<method 'clear' of 'list' objects>)
1,1,1.0,7.000000000000001e-07,7.000000000000001e-07,~:0(<method 'copy' of 'list' objects>)
14053939,14053939,1.0,1.6818315000000001,1.1966975948878106e-07,~:0(<method 'append' of 'list' objects>)
181,181,1.0,3.9500000000000005e-05,2.1823204419889505e-07,~:0(<method 'insert' of 'list' objects>)
352,352,1.0,0.0002007,5.701704545454545e-07,~:0(<method 'extend' of 'list' objects>)
3188,3188,1.0,0.0006795000000000001,2.1314303638644922e-07,~:0(<method 'pop' of 'list' objects>)
697,697,1.0,0.000201,2.883787661406026e-07,~:0(<method 'remove' of 'list' objects>)
17,17,1.0,3.7300000000000005e-05,2.194117647058824e-06,~:0(<method 'sort' of 'list' objects>)
4,4,1.0,9.000000000000001e-07,2.2500000000000002e-07,~:0(<method 'bit_length' of 'int' objects>)
578,578,1.0,0.0001963,3.396193771626298e-07,~:0(<built-in method from_bytes>)
11,11,1.0,1.48e-05,1.3454545454545455e-06,~:0(<method 'tolist' of 'memoryview' objects>)
11,11,1.0,3.7e-06,3.3636363636363636e-07,~:0(<method 'cast' of 'memoryview' objects>)
147,147,1.0,3.86e-05,2.625850340136055e-07,~:0(<method '__contains__' of 'frozenset' objects>)
47,47,1.0,1.1000000000000001e-05,2.340425531914894e-07,~:0(<method 'issuperset' of 'frozenset' objects>)
19677,19677,1.0,0.003356,1.7055445443919297e-07,~:0(<method 'add' of 'set' objects>)
54,54,1.0,1.1200000000000001e-05,2.0740740740740744e-07,~:0(<method 'discard' of 'set' objects>)
3,3,1.0,1.0000000000000002e-06,3.333333333333334e-07,~:0(<method 'isdisjoint' of 'set' objects>)
30,30,1.0,6.5000000000000004e-06,2.1666666666666667e-07,~:0(<method 'pop' of 'set' objects>)
4,4,1.0,1.0000000000000002e-06,2.5000000000000004e-07,~:0(<method 'remove' of 'set' objects>)
1,1,1.0,3e-06,3e-06,~:0(<method 'union' of 'set' objects>)
6,6,1.0,2.0000000000000003e-06,3.333333333333334e-07,~:0(<method 'update' of 'set' objects>)
1,1,1.0,9.000000000000001e-07,9.000000000000001e-07,~:0(<method 'index' of 'tuple' objects>)
5,5,1.0,1.2000000000000002e-06,2.4000000000000003e-07,~:0(<method 'mro' of 'type' objects>)
15,15,1.0,0.00019360000000000002,1.2906666666666668e-05,~:0(<method '__init_subclass__' of 'object' objects>)
43,43,1.0,4.9300000000000006e-05,1.146511627906977e-06,~:0(<method '__typing_subst__' of 'typing.TypeVar' objects>)
97,97,1.0,5.0400000000000005e-05,5.195876288659795e-07,~:0(<method '__typing_prepare_subst__' of 'typing.TypeVar' objects>)
5,5,1.0,2.3e-06,4.6e-07,~:0(<method 'has_default' of 'typing.TypeVar' objects>)
6,6,1.0,2.3e-06,3.8333333333333335e-07,~:0(<method 'encode' of 'str' objects>)
542,542,1.0,0.0002762,5.095940959409594e-07,~:0(<method 'replace' of 'str' objects>)
18789,18789,1.0,0.0030492,1.622864441960722e-07,~:0(<method 'split' of 'str' objects>)
6,6,1.0,2.4000000000000003e-06,4.0000000000000003e-07,~:0(<method 'rsplit' of 'str' objects>)
6513,17293,2.6551512359895595,0.0328974,5.0510363887609395e-06,~:0(<method 'join' of 'str' objects>)
692,692,1.0,0.0001504,2.1734104046242774e-07,~:0(<method 'partition' of 'str' objects>)
19782,19782,1.0,0.0033337,1.6852188858558286e-07,~:0(<method 'lower' of 'str' objects>)
1536,1536,1.0,0.0003487,2.270182291666667e-07,~:0(<method 'rfind' of 'str' objects>)
152471,152471,1.0,0.031736900000000005,2.0815040237159857e-07,~:0(<method 'rstrip' of 'str' objects>)
2305,2305,1.0,0.0007197000000000001,3.1223427331887204e-07,~:0(<method 'rpartition' of 'str' objects>)
35760,35760,1.0,1.0804884000000001,3.0215000000000005e-05,~:0(<method 'splitlines' of 'str' objects>)
337,337,1.0,0.00014110000000000001,4.186943620178042e-07,~:0(<method 'strip' of 'str' objects>)
1,1,1.0,9.000000000000001e-07,9.000000000000001e-07,~:0(<method 'translate' of 'str' objects>)
2284,2284,1.0,0.000335,1.4667250437828373e-07,~:0(<method 'upper' of 'str' objects>)
13704,13704,1.0,0.0022199000000000003,1.619892002335085e-07,~:0(<method 'startswith' of 'str' objects>)
15720,15720,1.0,0.0022684000000000003,1.4430025445292624e-07,~:0(<method 'endswith' of 'str' objects>)
8,8,1.0,1.9e-06,2.375e-07,~:0(<method 'removeprefix' of 'str' objects>)
114,114,1.0,1.4700000000000002e-05,1.2894736842105265e-07,~:0(<method 'isascii' of 'str' objects>)
12,12,1.0,7.4e-06,6.166666666666667e-07,~:0(<method 'islower' of 'str' objects>)
936,936,1.0,0.0001099,1.1741452991452991e-07,~:0(<method 'isupper' of 'str' objects>)
116,116,1.0,1.65e-05,1.4224137931034483e-07,~:0(<method 'isdigit' of 'str' objects>)
195,195,1.0,4.58e-05,2.3487179487179488e-07,~:0(<method 'isidentifier' of 'str' objects>)
259,259,1.0,0.00024890000000000003,9.610038610038611e-07,~:0(<method 'format' of 'str' objects>)
1,1,1.0,2.5200000000000003e-05,2.5200000000000003e-05,~:0(<built-in method _warnings.warn>)
5,5,1.0,1.0000000000000002e-06,2.0000000000000004e-07,~:0(<built-in method _warnings._filters_mutated>)
701,706,1.007132667617689,0.0075449,1.076305278174037e-05,~:0(<built-in method builtins.__build_class__>)
23,388,16.869565217391305,0.0003083,1.3404347826086957e-05,~:0(<built-in method builtins.__import__>)
5,5,1.0,5.3e-06,1.06e-06,~:0(<built-in method builtins.all>)
83,83,1.0,3.66e-05,4.409638554216868e-07,~:0(<built-in method builtins.any>)
55,55,1.0,1.04e-05,1.890909090909091e-07,~:0(<built-in method builtins.callable>)
196,196,1.0,1.54e-05,7.857142857142858e-08,~:0(<built-in method builtins.chr>)
57,57,1.0,0.0008457,1.4836842105263158e-05,~:0(<built-in method builtins.compile>)
486,486,1.0,0.00019150000000000002,3.940329218106996e-07,~:0(<built-in method builtins.delattr>)
4,4,1.0,6.08e-05,1.52e-05,~:0(<built-in method builtins.dir>)
33,33,1.0,0.0017819,5.39969696969697e-05,~:0(<built-in method builtins.eval>)
1,253,253.0,0.0017020000000000002,0.0017020000000000002,~:0(<built-in method builtins.exec>)
11434,11434,1.0,0.0022323,1.9523351408081163e-07,~:0(<built-in method builtins.getattr>)
386,386,1.0,3.8900000000000004e-05,1.0077720207253886e-07,~:0(<built-in method builtins.globals>)
6807,6807,1.0,0.0013321000000000001,1.9569560746290585e-07,~:0(<built-in method builtins.hasattr>)
1146,1289,1.12478184991274,0.00022370000000000002,1.9520069808027923e-07,~:0(<built-in method builtins.hash>)
28,28,1.0,5.4e-06,1.9285714285714284e-07,~:0(<built-in method builtins.id>)
32663,32663,1.0,0.0038267,1.1715702782965436e-07,~:0(<built-in method builtins.isinstance>)
1002,1002,1.0,0.00015360000000000002,1.5329341317365272e-07,~:0(<built-in method builtins.issubclass>)
1052,1052,1.0,0.0001226,1.1653992395437262e-07,~:0(<built-in method builtins.iter>)
2009012,2009787,1.0003857617575207,0.1487734,7.40530171049252e-08,~:0(<built-in method builtins.len>)
95,95,1.0,0.00021730000000000002,2.2873684210526317e-06,~:0(<built-in method builtins.locals>)
1443,1443,1.0,0.0039722,2.752737352737353e-06,~:0(<built-in method builtins.max>)
1689,1689,1.0,0.0002189,1.29603315571344e-07,~:0(<built-in method builtins.min>)
6,6,1.0,2.11e-05,3.5166666666666667e-06,~:0(<built-in method builtins.next>)
1228,1228,1.0,0.0001363,1.1099348534201955e-07,~:0(<built-in method builtins.ord>)
59,59,1.0,0.0061627,0.00010445254237288136,~:0(<built-in method builtins.print>)
8,8,1.0,3.8e-06,4.75e-07,~:0(<built-in method builtins.repr>)
341,341,1.0,0.0007044,2.0656891495601174e-06,~:0(<built-in method builtins.round>)
2914,2914,1.0,0.0008048,2.7618393960192175e-07,~:0(<built-in method builtins.setattr>)
32,32,1.0,0.0002453,7.665625e-06,~:0(<built-in method builtins.sorted>)
34424,34424,1.0,0.1659369,4.820384034394608e-06,~:0(<built-in method builtins.sum>)
1,1,1.0,4.0000000000000003e-07,4.0000000000000003e-07,~:0(<built-in method builtins.vars>)
18,18,1.0,2.8000000000000003e-06,1.5555555555555556e-07,~:0(<method 'get' of '_contextvars.ContextVar' objects>)
2,2,1.0,1.7e-06,8.5e-07,~:0(<method 'set' of '_contextvars.ContextVar' objects>)
2,2,1.0,5.1e-06,2.55e-06,~:0(<method 'reset' of '_contextvars.ContextVar' objects>)
2363,2363,1.0,0.0003152,1.3338975878121034e-07,~:0(<built-in method _imp.acquire_lock>)
2363,2363,1.0,0.0003164,1.3389758781210325e-07,~:0(<built-in method _imp.release_lock>)
308,308,1.0,0.00017680000000000001,5.740259740259741e-07,~:0(<built-in method _imp.find_frozen>)
1,1,1.0,9.960000000000001e-05,9.960000000000001e-05,~:0(<built-in method _imp.get_frozen_object>)
15,15,1.0,0.0001953,1.302e-05,~:0(<built-in method _imp.create_builtin>)
323,323,1.0,0.0005341,1.653560371517028e-06,~:0(<built-in method _imp.is_builtin>)
40,42,1.05,0.06547080000000001,0.0016367700000000003,~:0(<built-in method _imp.create_dynamic>)
42,42,1.0,0.0031329,7.459285714285715e-05,~:0(<built-in method _imp.exec_dynamic>)
15,15,1.0,0.0003032,2.0213333333333332e-05,~:0(<built-in method _imp.exec_builtin>)
248,248,1.0,0.0002989,1.205241935483871e-06,~:0(<built-in method _imp._fix_co_filename>)
94,94,1.0,0.00039630000000000004,4.215957446808511e-06,~:0(<built-in method _imp.source_hash>)
248,248,1.0,0.026664300000000002,0.00010751733870967743,~:0(<built-in method marshal.loads>)
6,6,1.0,1.1e-06,1.8333333333333333e-07,~:0(<built-in method sys.getrecursionlimit>)
15,15,1.0,5e-06,3.3333333333333335e-07,~:0(<built-in method sys._getframemodulename>)
173,173,1.0,5.6800000000000005e-05,3.2832369942196533e-07,~:0(<built-in method sys.intern>)
1,1,1.0,2.16e-05,2.16e-05,~:0(<method 'disable' of '_lsprof.Profiler' objects>)
4,4,1.0,2.71e-05,6.775e-06,~:0(<built-in method _ssl.txt2obj>)
30,30,1.0,7.6e-06,2.533333333333333e-07,~:0(<built-in method _tkinter._flatten>)
2,2,1.0,0.1775741,0.08878705,~:0(<built-in method _tkinter.create>)
114,118,1.0350877192982457,0.0980433,0.000860028947368421,~:0(<method 'call' of '_tkinter.tkapp' objects>)
4,4,1.0,1.56e-05,3.9e-06,~:0(<method 'getvar' of '_tkinter.tkapp' objects>)
25,25,1.0,0.0002068,8.272e-06,~:0(<method 'splitlist' of '_tkinter.tkapp' objects>)
8,8,1.0,1.45e-05,1.8125e-06,~:0(<method 'createcommand' of '_tkinter.tkapp' objects>)
8,8,1.0,1.66e-05,2.075e-06,~:0(<method 'deletecommand' of '_tkinter.tkapp' objects>)
678,678,1.0,0.00047280000000000005,6.973451327433629e-07,~:0(<method 'set_clip' of 'pygame.surface.Surface' objects>)
679,679,1.0,0.318284,0.0004687540500736377,~:0(<method 'fill' of 'pygame.surface.Surface' objects>)
14034514,14034514,1.0,14.9043223,1.0619763748142615e-06,~:0(<method 'blit' of 'pygame.surface.Surface' objects>)
14032480,14032480,1.0,3.9285272000000004,2.7995957948986926e-07,~:0(<method 'get_rect' of 'pygame.surface.Surface' objects>)
1,1,1.0,2.08e-05,2.08e-05,~:0(<built-in method _hashlib.openssl_md5>)
1,1,1.0,5.3e-06,5.3e-06,~:0(<built-in method _hashlib.openssl_sha1>)
1,1,1.0,3.1000000000000004e-06,3.1000000000000004e-06,~:0(<built-in method _hashlib.openssl_sha224>)
1,1,1.0,4.3e-06,4.3e-06,~:0(<built-in method _hashlib.openssl_sha256>)
1,1,1.0,2.7e-06,2.7e-06,~:0(<built-in method _hashlib.openssl_sha384>)
1,1,1.0,3.9e-06,3.9e-06,~:0(<built-in method _hashlib.openssl_sha512>)
1,1,1.0,7.4e-06,7.4e-06,~:0(<built-in method _hashlib.openssl_sha3_224>)
1,1,1.0,3.3e-06,3.3e-06,~:0(<built-in method _hashlib.openssl_sha3_256>)
1,1,1.0,2.8000000000000003e-06,2.8000000000000003e-06,~:0(<built-in method _hashlib.openssl_sha3_384>)
1,1,1.0,2.5e-06,2.5e-06,~:0(<built-in method _hashlib.openssl_sha3_512>)
1,1,1.0,3e-06,3e-06,~:0(<built-in method _hashlib.openssl_shake_128>)
1,1,1.0,2.6e-06,2.6e-06,~:0(<built-in method _hashlib.openssl_shake_256>)
2,2,1.0,2.2000000000000003e-05,1.1000000000000001e-05,~:0(<built-in method _ctypes.POINTER>)
1,1,1.0,8.400000000000001e-06,8.400000000000001e-06,~:0(<built-in method _ctypes.LoadLibrary>)
38,38,1.0,7.2000000000000005e-06,1.8947368421052632e-07,~:0(<built-in method _ctypes.sizeof>)
14034175,14034175,1.0,16.320516100000003,1.1629123977718678e-06,~:0(<method 'render' of 'pygame.font.Font' objects>)
8497,8497,1.0,0.0353517,4.160491938331176e-06,~:0(<method 'size' of 'pygame.font.Font' objects>)
766502,766502,1.0,0.0990327,1.2920083704934887e-07,~:0(<method 'collidepoint' of 'pygame.rect.Rect' objects>)
2,2,1.0,2.6e-06,1.3e-06,~:0(<built-in method pygame.time.get_ticks>)
340,340,1.0,0.0025613000000000003,7.533235294117648e-06,~:0(<method 'tick' of 'pygame.time.Clock' objects>)
141,141,1.0,0.0001399,9.921985815602838e-07,~:0(<built-in method pygame.key.get_mods>)
340,340,1.0,0.2292182,0.0006741711764705882,~:0(<built-in method pygame.event.get>)
1,1,1.0,0.0363949,0.0363949,~:0(<built-in method pygame.display.set_mode>)
339,339,1.0,0.1009433,0.0002977678466076696,~:0(<built-in method pygame.display.flip>)
1,1,1.0,7.25e-05,7.25e-05,~:0(<built-in method pygame.display.set_caption>)
1,1,1.0,0.6061146000000001,0.6061146000000001,~:0(<built-in method pygame.base.init>)
3,3,1.0,7.2000000000000005e-06,2.4000000000000003e-06,~:0(<built-in method pygame.base.get_sdl_version>)
2,2,1.0,0.0844317,0.04221585,~:0(<built-in method winsound.PlaySound>)
